id_treatment,date,area_size,growth_description,contamination_1,contamination_area_1,contamination_2,contamination_area_2,contamination_3,contamination_area_3,contamination_4,contamination_area_4,contamination_5,contamination_area_5,nr_contaminations,reproductive_structures,reproductive_structure_description,comments
1,11-18-2025,0,0,0,0,0,0,0,0,0,0,0,0,0,0,0,
1,11-20-2025,0,0,0,0,0,0,0,0,0,0,0,0,0,0,0,
1,11-21-2025,0,0,0,0,0,0,0,0,0,0,0,0,0,0,0,
1,11-24-2025,0,0,0,0,0,0,0,0,0,0,0,0,0,0,0,
1,11-25-2025,0,0,0,0,0,0,0,0,0,0,0,0,0,0,0,
1,11-26-2025,0,0,0,0,0,0,0,0,0,0,0,0,0,0,0,
1,11-27-2025,0,0,0,0,0,0,0,0,0,0,0,0,0,0,0,
1,11-28-2025,0,0,0,0,0,0,0,0,0,0,0,0,0,0,0,
1,12-01-2025,0,0,0,0,0,0,0,0,0,0,0,0,0,0,0,
1,12-02-2025,0,0,0,0,0,0,0,0,0,0,0,0,0,0,0,
2,11-18-2025,0,0,0,0,0,0,0,0,0,0,0,0,0,0,0,
2,11-20-2025,0,0,0,0,0,0,0,0,0,0,0,0,0,0,0,
2,11-21-2025,0,0,0,0,0,0,0,0,0,0,0,0,0,0,0,
2,11-24-2025,0,0,0,0,0,0,0,0,0,0,0,0,0,0,0,
2,11-25-2025,0,0,0,0,0,0,0,0,0,0,0,0,0,0,0,
2,11-26-2025,0,0,0,0,0,0,0,0,0,0,0,0,0,0,0,
2,11-27-2025,0,0,0,0,0,0,0,0,0,0,0,0,0,0,0,
2,11-28-2025,0,0,0,0,0,0,0,0,0,0,0,0,0,0,0,
2,12-01-2025,0,0,0,0,0,0,0,0,0,0,0,0,0,0,0,
2,12-02-2025,0,0,0,0,0,0,0,0,0,0,0,0,0,0,0,
3,11-18-2025,0,0,0,0,0,0,0,0,0,0,0,0,0,0,0,
3,11-20-2025,0,0,0,0,0,0,0,0,0,0,0,0,0,0,0,
3,11-21-2025,0,0,0,0,0,0,0,0,0,0,0,0,0,0,0,
3,11-24-2025,0,0,mold grey spores,5.43,0,0,0,0,0,0,0,0,1,0,0,
3,11-25-2025,0,0,mold grey spores,8.43,0,0,0,0,0,0,0,0,1,0,0,
3,11-26-2025,0,0,mold grey spores,11.34,0,0,0,0,0,0,0,0,1,0,0,
3,11-27-2025,0,0,mold grey spores,16.06,0,0,0,0,0,0,0,0,1,0,0,
3,11-28-2025,0,0,mold grey spores,22.07,0,0,0,0,0,0,0,0,1,0,0,
3,12-01-2025,0,0,mold grey spores,38.57,0,0,0,0,0,0,0,0,1,0,0,
3,12-02-2025,0,0,mold grey spores,39.09,0,0,0,0,0,0,0,0,1,0,0,
4,11-18-2025,0,0,0,0,0,0,0,0,0,0,0,0,0,0,0,
4,11-20-2025,0.94,5,0,0,0,0,0,0,0,0,0,0,0,0,0,
4,11-21-2025,1.04,5,0,0,0,0,0,0,0,0,0,0,0,0,0,
4,11-24-2025,1.51,5,0,0,0,0,0,0,0,0,0,0,0,0,0,
4,11-25-2025,2.31,5,0,0,0,0,0,0,0,0,0,0,0,0,0,
4,11-26-2025,3.79,5,0,0,0,0,0,0,0,0,0,0,0,0,0,
4,11-27-2025,5.4,5,0,0,0,0,0,0,0,0,0,0,0,0,0,
4,11-28-2025,8.37,5,0,0,0,0,0,0,0,0,0,0,0,0,0,
4,12-01-2025,21.12,5,0,0,0,0,0,0,0,0,0,0,0,0,0,
4,12-02-2025,28.24,5,0,0,0,0,0,0,0,0,0,0,0,0,0,
5,11-18-2025,0,0,0,0,0,0,0,0,0,0,0,0,0,0,0,
5,11-20-2025,0.84,5,light mycelium,3.75,0,0,0,0,0,0,0,0,1,0,0,
5,11-21-2025,2.5,5,light mycelium,27.91,0,0,0,0,0,0,0,0,1,0,0,
5,11-24-2025,1.96,5,light mycelium + perithecium,58.25,0,0,0,0,0,0,0,0,1,0,0,
5,11-25-2025,1.91,4,light mycelium + perithecium,58.3,0,0,0,0,0,0,0,0,1,0,0,
5,11-26-2025,1.92,4,light mycelium + perithecium,58.29,0,0,0,0,0,0,0,0,1,0,0,
5,11-27-2025,1.83,4,light mycelium + perithecium,58.38,0,0,0,0,0,0,0,0,0,0,0,
5,11-28-2025,1.83,4,light mycelium + perithecium,58.38,0,0,0,0,0,0,0,0,1,0,0,
5,12-01-2025,1.48,4,light mycelium + perithecium,58.73,0,0,0,0,0,0,0,0,1,0,0,
5,12-02-2025,1.48,4,light mycelium + perithecium,58.73,0,0,0,0,0,0,0,0,1,0,0,
6,11-18-2025,0,0,0,0,0,0,0,0,0,0,0,0,0,0,0,
6,11-20-2025,1.15,5,light mycelium,3.37,0,0,0,0,0,0,0,0,1,0,0,
6,11-21-2025,1.123,5,light mycelium,25.89,0,0,0,0,0,0,0,0,1,0,0,
6,11-24-2025,1.96,4,light mycelium + perithecium,58.22,0,0,0,0,0,0,0,0,1,0,0,
6,11-25-2025,1.96,4,light mycelium + perithecium,58.22,0,0,0,0,0,0,0,0,1,0,0,
6,11-26-2025,1.96,4,light mycelium + perithecium,58.22,0,0,0,0,0,0,0,0,1,0,0,
6,11-27-2025,1.96,4,light mycelium + perithecium,58.22,0,0,0,0,0,0,0,0,1,0,0,
6,11-28-2025,1.96,4,light mycelium + perithecium,58.22,0,0,0,0,0,0,0,0,1,0,0,
6,12-01-2025,1.96,4,light mycelium + perithecium,58.22,0,0,0,0,0,0,0,0,1,0,0,
6,12-02-2025,1.96,4,light mycelium + perithecium,58.22,0,0,0,0,0,0,0,0,1,0,0,
7,11-18-2025,0,0,0,0,0,0,0,0,0,0,0,0,0,0,0,
7,11-20-2025,0,0,0,0,0,0,0,0,0,0,0,0,0,0,0,
7,11-21-2025,0,0,0,0,0,0,0,0,0,0,0,0,0,0,0,
7,11-24-2025,0,0,0,0,0,0,0,0,0,0,0,0,0,0,0,
7,11-25-2025,0,0,0,0,0,0,0,0,0,0,0,0,0,0,0,
7,11-26-2025,0,0,0,0,0,0,0,0,0,0,0,0,0,0,0,
7,11-27-2025,0,0,0,0,0,0,0,0,0,0,0,0,0,0,0,
7,11-28-2025,0,0,0,0,0,0,0,0,0,0,0,0,0,0,0,
7,12-01-2025,0,0,0,0,0,0,0,0,0,0,0,0,0,0,0,
7,12-02-2025,0,0,0,0,0,0,0,0,0,0,0,0,0,0,0,
8,11-18-2025,0,0,0,0,0,0,0,0,0,0,0,0,0,0,0,
8,11-20-2025,0.67,5,0,0,0,0,0,0,0,0,0,0,0,0,0,
8,11-21-2025,0.78,5,0,0,0,0,0,0,0,0,0,0,0,0,0,
8,11-24-2025,1.15,5,0,0,0,0,0,0,0,0,0,0,0,0,0,
8,11-25-2025,1.83,5,0,0,0,0,0,0,0,0,0,0,0,0,0,
8,11-26-2025,2.7,5,light mycelium,0.29,0,0,0,0,0,0,0,0,1,0,0,
8,11-27-2025,4.04,5,mycelium olive conidia,1.75,0,0,0,0,0,0,0,0,1,0,0,
8,11-28-2025,6.17,5,mycelium olive conidia,3.46,0,0,0,0,0,0,0,0,1,0,0,"Strong accelerated growth towards contamination, trying to overgrow it"
8,12-01-2025,18.23,5,mycelium olive conidia,7.25,0,0,0,0,0,0,0,0,1,0,0,
8,12-02-2025,23,5,mycelium olive conidia,5.89,0,0,0,0,0,0,0,0,1,0,0,
9,11-18-2025,0,0,0,0,0,0,0,0,0,0,0,0,0,0,0,
9,11-20-2025,0,0,0,0,0,0,0,0,0,0,0,0,0,0,0,
9,11-21-2025,0,0,mycelium,0.21,0,0,0,0,0,0,0,0,1,0,0,
9,11-24-2025,0,0,mycelium (vein like),4.49,0,0,0,0,0,0,0,0,1,0,0,
9,11-25-2025,0,0,mycelium (vein like),6.73,0,0,0,0,0,0,0,0,1,0,0,
9,11-26-2025,0,0,mycelium (vein like),7.98,0,0,0,0,0,0,0,0,1,0,0,
9,11-27-2025,0,0,mycelium (vein like),9.53,0,0,0,0,0,0,0,0,1,0,0,
9,11-28-2025,0,0,mycelium (vein like),9.8,0,0,0,0,0,0,0,0,1,0,0,
9,12-01-2025,0,0,mycelium (vein like),11.04,0,0,0,0,0,0,0,0,1,0,0,
9,12-02-2025,0,0,mycelium (vein like),11.56,0,0,0,0,0,0,0,0,1,0,0,
10,11-18-2025,0,0,0,0,0,0,0,0,0,0,0,0,0,0,0,
10,11-20-2025,1.46,5,0,0,0,0,0,0,0,0,0,0,0,0,0,
10,11-21-2025,2.33,5,0,0,0,0,0,0,0,0,0,0,0,0,0,
10,11-24-2025,8.98,5,0,0,0,0,0,0,0,0,0,0,0,0,0,
10,11-25-2025,12.24,5,0,0,0,0,0,0,0,0,0,0,0,0,0,
10,11-26-2025,16.58,5,0,0,0,0,0,0,0,0,0,0,0,0,0,
10,11-27-2025,21.62,4,0,0,0,0,0,0,0,0,0,0,0,0,0,
10,11-28-2025,30.36,4,0,0,0,0,0,0,0,0,0,0,0,0,0,
10,12-01-2025,57.25,4,0,0,0,0,0,0,0,0,0,0,0,0,0,
10,12-02-2025,60.56,4,0,0,0,0,0,0,0,0,0,0,0,0,0,
11,11-18-2025,0,0,0,0,0,0,0,0,0,0,0,0,0,0,0,
11,11-20-2025,1.5,5,0,0,0,0,0,0,0,0,0,0,0,0,0,
11,11-21-2025,2.28,5,0,0,0,0,0,0,0,0,0,0,0,0,0,
11,11-24-2025,9.24,5,0,0,0,0,0,0,0,0,0,0,0,0,0,
11,11-25-2025,12.66,5,0,0,0,0,0,0,0,0,0,0,0,0,0,
11,11-26-2025,17.08,5,0,0,0,0,0,0,0,0,0,0,0,0,0,
11,11-27-2025,22.42,5,0,0,0,0,0,0,0,0,0,0,0,0,0,
11,11-28-2025,31.37,5,0,0,0,0,0,0,0,0,0,0,0,0,0,
11,12-01-2025,59.42,4,0,0,0,0,0,0,0,0,0,0,0,0,0,
11,12-02-2025,60.86,4,0,0,0,0,0,0,0,0,0,0,0,0,0,
12,11-18-2025,0,0,0,0,0,0,0,0,0,0,0,0,0,0,0,
12,11-20-2025,1.34,5,0,0,0,0,0,0,0,0,0,0,0,0,0,
12,11-21-2025,2.2,5,0,0,0,0,0,0,0,0,0,0,0,0,0,
12,11-24-2025,8.45,5,0,0,0,0,0,0,0,0,0,0,0,0,0,
12,11-25-2025,11.6,5,0,0,0,0,0,0,0,0,0,0,0,0,0,
12,11-26-2025,15.59,5,0,0,0,0,0,0,0,0,0,0,0,0,0,
12,11-27-2025,20.22,5,0,0,0,0,0,0,0,0,0,0,0,0,0,
12,11-28-2025,28.03,5,0,0,0,0,0,0,0,0,0,0,0,0,0,
12,12-01-2025,56.59,4,0,0,0,0,0,0,0,0,0,0,0,0,0,
12,12-02-2025,61.2,4,0,0,0,0,0,0,0,0,0,0,0,0,0,
13,11-18-2025,0,0,0,0,0,0,0,0,0,0,0,0,0,0,0,
13,11-20-2025,28.57,3,0,0,0,0,0,0,0,0,0,0,0,0,0,
13,11-21-2025,58.42,3,0,0,0,0,0,0,0,0,0,0,0,0,0,
13,11-24-2025,59.95,3,0,0,0,0,0,0,0,0,0,0,0,0,0,
13,11-25-2025,59.95,3,0,0,0,0,0,0,0,0,0,0,0,1,Perithecium,
13,11-26-2025,59.95,3,0,0,0,0,0,0,0,0,0,0,0,1,Perithecium,
13,11-27-2025,59.95,3,0,0,0,0,0,0,0,0,0,0,0,1,Perithecium,unclear white crust growing out of spores again or spontaneous fungal growth
13,11-28-2025,59.95,3,0,0,0,0,0,0,0,0,0,0,0,1,Perithecium,unclear white crust growing out of spores again or spontaneous fungal growth
13,12-01-2025,59.95,3,0,0,0,0,0,0,0,0,0,0,0,1,Perithecium,unclear white crust growing out of spores again or spontaneous fungal growth
13,12-02-2025,59.95,3,0,0,0,0,0,0,0,0,0,0,0,1,Perithecium,unclear white crust growing out of spores again or spontaneous fungal growth
14,11-18-2025,0,0,0,0,0,0,0,0,0,0,0,0,0,0,0,
14,11-20-2025,36,3,0,0,0,0,0,0,0,0,0,0,0,0,0,
14,11-21-2025,57.67,3,0,0,0,0,0,0,0,0,0,0,0,0,0,
14,11-24-2025,59.06,3,0,0,0,0,0,0,0,0,0,0,0,1,Perithecium,
14,11-25-2025,59.06,3,0,0,0,0,0,0,0,0,0,0,0,1,Perithecium,
14,11-26-2025,59.06,3,0,0,0,0,0,0,0,0,0,0,0,1,Perithecium,
14,11-27-2025,59.06,3,0,0,0,0,0,0,0,0,0,0,0,1,Perithecium,unclear white crust growing out of spores again or spontaneous fungal growth
14,11-28-2025,59.06,3,0,0,0,0,0,0,0,0,0,0,0,1,Perithecium,unclear white crust growing out of spores again or spontaneous fungal growth
14,12-01-2025,59.06,3,0,0,0,0,0,0,0,0,0,0,0,1,Perithecium,unclear white crust growing out of spores again or spontaneous fungal growth
14,12-02-2025,59.06,3,0,0,0,0,0,0,0,0,0,0,0,1,Perithecium,unclear white crust growing out of spores again or spontaneous fungal growth
15,11-18-2025,0,0,0,0,0,0,0,0,0,0,0,0,0,0,0,0
15,11-20-2025,32.4,3,0,0,0,0,0,0,0,0,0,0,0,0,0,contamination also likely sordaria
15,11-21-2025,57.89,3,0,0,0,0,0,0,0,0,0,0,0,0,0,
15,11-24-2025,59.84,3,0,0,0,0,0,0,0,0,0,0,0,1,Perithecium,
15,11-25-2025,59.84,3,0,0,0,0,0,0,0,0,0,0,0,1,Perithecium,
15,11-26-2025,59.84,3,0,0,0,0,0,0,0,0,0,0,0,1,Perithecium,
15,11-27-2025,59.84,3,0,0,0,0,0,0,0,0,0,0,0,1,Perithecium,unclear white crust growing out of spores again or spontaneous fungal growth
15,11-28-2025,59.84,3,0,0,0,0,0,0,0,0,0,0,0,1,Perithecium,unclear white crust growing out of spores again or spontaneous fungal growth
15,12-01-2025,59.84,3,0,0,0,0,0,0,0,0,0,0,0,1,Perithecium,unclear white crust growing out of spores again or spontaneous fungal growth
15,12-02-2025,59.84,3,0,0,0,0,0,0,0,0,0,0,0,1,Perithecium,unclear white crust growing out of spores again or spontaneous fungal growth
16,11-18-2025,0,0,0,0,0,0,0,0,0,0,0,0,0,0,0,0
16,11-20-2025,2.38,5,0,0,0,0,0,0,0,0,0,0,0,0,0,
16,11-21-2025,6.95,5,0,0,0,0,0,0,0,0,0,0,0,0,0,
16,11-24-2025,30.49,4,mycelium,0.66,0,0,0,0,0,0,0,0,1,1,Conidia,
16,11-25-2025,42.02,4,mycelium,1.1,0,0,0,0,0,0,0,0,1,1,Conidia,
16,11-26-2025,47.47,4,mycelium,1.1,0,0,0,0,0,0,0,0,1,1,Conidia,
16,11-27-2025,47.47,4,mycelium,1.1,0,0,0,0,0,0,0,0,1,1,Conidia,
16,11-28-2025,46.01,2,mycelium,1.1,0,0,0,0,0,0,0,0,1,1,Conidia,
16,12-01-2025,44.55,1,mycelium,1.1,0,0,0,0,0,0,0,0,1,1,Conidia,
16,12-02-2025,44.55,1,mycelium,1.1,0,0,0,0,0,0,0,0,1,1,Conidia,
17,11-18-2025,0,0,0,0,0,0,0,0,0,0,0,0,0,0,0,
17,11-20-2025,2.9,5,0,0,0,0,0,0,0,0,0,0,0,0,0,
17,11-21-2025,7.88,5,0,0,0,0,0,0,0,0,0,0,0,0,0,
17,11-24-2025,31.8,4,0,0,0,0,0,0,0,0,0,0,0,1,Conidia,
17,11-25-2025,44.4,4,0,0,0,0,0,0,0,0,0,0,0,1,Conidia,
17,11-26-2025,50.48,3,0,0,0,0,0,0,0,0,0,0,0,1,Conidia,
17,11-27-2025,50.13,3,0,0,0,0,0,0,0,0,0,0,0,1,Conidia,
17,11-28-2025,49.09,2,0,0,0,0,0,0,0,0,0,0,0,1,Conidia,
17,12-01-2025,49.01,2,0,0,0,0,0,0,0,0,0,0,0,1,Conidia,
17,12-02-2025,48.32,1,0,0,0,0,0,0,0,0,0,0,0,1,Conidia,
18,11-18-2025,0,0,0,0,0,0,0,0,0,0,0,0,0,0,0,
18,11-20-2025,2.76,5,0,0,0,0,0,0,0,0,0,0,0,0,0,
18,11-21-2025,7.62,5,0,0,0,0,0,0,0,0,0,0,0,0,0,
18,11-24-2025,32.39,4,0,0,0,0,0,0,0,0,0,0,0,1,Conidia,
18,11-25-2025,45.25,4,0,0,0,0,0,0,0,0,0,0,0,1,Conidia,
18,11-26-2025,50.65,4,0,0,0,0,0,0,0,0,0,0,0,1,Conidia,
18,11-27-2025,50.25,3,0,0,0,0,0,0,0,0,0,0,0,1,Conidia,
18,11-28-2025,49.53,3,0,0,0,0,0,0,0,0,0,0,0,1,Conidia,
18,12-01-2025,48.54,2,0,0,0,0,0,0,0,0,0,0,0,1,Conidia,
18,12-02-2025,48.54,2,0,0,0,0,0,0,0,0,0,0,0,1,Conidia,
22,11-19-2025,0,0,0,0,0,0,0,0,0,0,0,0,0,0,0,
22,11-20-2025,0,0,0,0,0,0,0,0,0,0,0,0,0,0,0,
22,11-21-2025,0,0,S. fimicola,6.08,0,0,0,0,0,0,0,0,1,0,0,
22,11-24-2025,0,0,S. fimicola,59.51,0,0,0,0,0,0,0,0,1,0,0,
22,11-25-2025,0,0,S. fimicola,59.51,0,0,0,0,0,0,0,0,1,0,0,
22,11-26-2025,0,0,S. fimicola,59.51,0,0,0,0,0,0,0,0,1,0,0,
22,11-27-2025,0,0,S. fimicola,59.51,0,0,0,0,0,0,0,0,1,0,0,
22,11-28-2025,0,0,S. fimicola,59.51,0,0,0,0,0,0,0,0,1,0,0,
22,12-01-2025,0,0,S. fimicola,59.51,0,0,0,0,0,0,0,0,1,0,0,
22,12-02-2025,0,0,S. fimicola,59.51,0,0,0,0,0,0,0,0,1,0,0,
22,12-03-2025,0,0,S. fimicola,59.51,0,0,0,0,0,0,0,0,1,0,0,
23,11-19-2025,0,0,0,0,0,0,0,0,0,0,0,0,0,0,0,
23,11-20-2025,0,0,0,0,0,0,0,0,0,0,0,0,0,0,0,
23,11-21-2025,0,0,0,0,0,0,0,0,0,0,0,0,0,0,0,
23,11-24-2025,0,0,0,0,0,0,0,0,0,0,0,0,0,0,0,
23,11-25-2025,0,0,0,0,0,0,0,0,0,0,0,0,0,0,0,
23,11-26-2025,0,0,0,0,0,0,0,0,0,0,0,0,0,0,0,
23,11-27-2025,0,0,0,0,0,0,0,0,0,0,0,0,0,0,0,
23,11-28-2025,0,0,0,0,0,0,0,0,0,0,0,0,0,0,0,
23,12-01-2025,0,0,0,0,0,0,0,0,0,0,0,0,0,0,0,
23,12-02-2025,0,0,0,0,0,0,0,0,0,0,0,0,0,0,0,
23,12-03-2025,0,0,0,0,0,0,0,0,0,0,0,0,0,0,0,
24,11-19-2025,0,0,0,0,0,0,0,0,0,0,0,0,0,0,0,
24,11-20-2025,0,0,0,0,0,0,0,0,0,0,0,0,0,0,0,
24,11-21-2025,0,0,S. fimicola,0.08,0,0,0,0,0,0,0,0,1,0,0,
24,11-24-2025,0,0,S. fimicola,58.58,0,0,0,0,0,0,0,0,1,0,0,
24,11-25-2025,0,0,S. fimicola,59.72,0,0,0,0,0,0,0,0,1,0,0,
24,11-26-2025,0,0,S. fimicola,59.72,0,0,0,0,0,0,0,0,1,0,0,
24,11-27-2025,0,0,S. fimicola,59.72,0,0,0,0,0,0,0,0,1,0,0,
24,11-28-2025,0,0,S. fimicola,59.72,0,0,0,0,0,0,0,0,1,0,0,
24,12-01-2025,0,0,S. fimicola,59.72,0,0,0,0,0,0,0,0,1,0,0,
24,12-02-2025,0,0,S. fimicola,59.72,0,0,0,0,0,0,0,0,1,0,0,
24,12-03-2025,0,0,S. fimicola,59.72,0,0,0,0,0,0,0,0,1,0,0,
25,11-19-2025,0,0,0,0,0,0,0,0,0,0,0,0,0,0,0,
25,11-20-2025,1,5,0,0,0,0,0,0,0,0,0,0,0,0,0,
25,11-21-2025,1.2,5,0,0,0,0,0,0,0,0,0,0,0,0,0,
25,11-24-2025,2.74,5,0,0,0,0,0,0,0,0,0,0,0,0,0,
25,11-25-2025,4.02,5,0,0,0,0,0,0,0,0,0,0,0,0,0,
25,11-26-2025,6,5,0,0,0,0,0,0,0,0,0,0,0,0,0,
25,11-27-2025,8.32,5,0,0,0,0,0,0,0,0,0,0,0,0,0,
25,11-28-2025,11.45,5,0,0,0,0,0,0,0,0,0,0,0,0,0,
25,12-01-2025,17.02,5,0,0,0,0,0,0,0,0,0,0,0,0,0,
25,12-02-2025,22.05,5,0,0,0,0,0,0,0,0,0,0,0,0,0,
25,12-03-2025,28.75,5,0,0,0,0,0,0,0,0,0,0,0,0,0,
26,11-19-2025,0,0,0,0,0,0,0,0,0,0,0,0,0,0,0,
26,11-20-2025,0.81,5,0,0,0,0,0,0,0,0,0,0,0,0,0,
26,11-21-2025,0.95,5,0,0,0,0,0,0,0,0,0,0,0,0,0,
26,11-24-2025,1.92,5,0,0,0,0,0,0,0,0,0,0,0,0,0,
26,11-25-2025,2.99,5,0,0,0,0,0,0,0,0,0,0,0,0,0,
26,11-26-2025,4.49,5,mycelium,0.17,0,0,0,0,0,0,0,0,0,0,0,
26,11-27-2025,6.68,5,mycelium,1.36,0,0,0,0,0,0,0,0,1,0,0,
26,11-28-2025,8.73,5,mycelium,3.29,0,0,0,0,0,0,0,0,1,0,0,
26,12-01-2025,9.53,5,mycelium,3.29,0,0,0,0,0,0,0,0,1,0,0,
26,12-02-2025,9.53,5,mycelium,3.29,0,0,0,0,0,0,0,0,1,0,0,
26,12-03-2025,9.53,5,mycelium,3.29,0,0,0,0,0,0,0,0,1,0,0,
27,11-19-2025,0,0,0,0,0,0,0,0,0,0,0,0,0,0,0,
27,11-20-2025,0.99,5,0,0,0,0,0,0,0,0,0,0,0,0,0,
27,11-21-2025,1.16,5,0,0,0,0,0,0,0,0,0,0,0,0,0,
27,11-24-2025,3.14,5,0,0,0,0,0,0,0,0,0,0,0,0,0,
27,11-25-2025,4.77,5,0,0,0,0,0,0,0,0,0,0,0,0,0,
27,11-26-2025,6.61,5,0,0,0,0,0,0,0,0,0,0,0,0,0,
27,11-27-2025,8.25,5,0,0,0,0,0,0,0,0,0,0,0,0,0,
27,11-28-2025,9.71,5,0,0,0,0,0,0,0,0,0,0,0,0,0,
27,12-01-2025,10.53,5,0,0,0,0,0,0,0,0,0,0,0,0,0,
27,12-02-2025,10.53,5,0,0,0,0,0,0,0,0,0,0,0,0,0,
27,12-03-2025,10.53,5,0,0,0,0,0,0,0,0,0,0,0,0,0,
28,11-19-2025,0,0,0,0,0,0,0,0,0,0,0,0,0,0,0,
28,11-20-2025,0,0,0,0,0,0,0,0,0,0,0,0,0,0,0,
28,11-21-2025,0,0,S. fimicola,4.98,0,0,0,0,0,0,0,0,1,0,0,
28,11-24-2025,0,0,S. fimicola,55.94,0,0,0,0,0,0,0,0,1,0,0,
28,11-25-2025,0,0,S. fimicola,60.25,0,0,0,0,0,0,0,0,1,0,0,
28,11-26-2025,0,0,S. fimicola,60.25,0,0,0,0,0,0,0,0,1,0,0,
28,11-27-2025,0,0,S. fimicola,60.25,0,0,0,0,0,0,0,0,1,0,0,
28,11-28-2025,0,0,S. fimicola,60.25,0,0,0,0,0,0,0,0,1,0,0,
28,12-01-2025,0,0,S. fimicola,60.25,0,0,0,0,0,0,0,0,1,0,0,possible secondary contamination white crust
28,12-02-2025,0,0,S. fimicola,60.25,0,0,0,0,0,0,0,0,1,0,0,possible secondary contamination white crust
28,12-03-2025,0,0,S. fimicola,60.25,0,0,0,0,0,0,0,0,1,0,0,possible secondary contamination white crust
29,11-19-2025,0,0,0,0,0,0,0,0,0,0,0,0,0,0,0,
29,11-20-2025,0,0,0,0,0,0,0,0,0,0,0,0,0,0,0,
29,11-21-2025,0.57,5,0,0,0,0,0,0,0,0,0,0,0,0,0,
29,11-24-2025,0.65,5,0,0,0,0,0,0,0,0,0,0,0,0,0,
29,11-25-2025,0.78,5,0,0,0,0,0,0,0,0,0,0,0,0,0,
29,11-26-2025,1.06,5,0,0,0,0,0,0,0,0,0,0,0,0,0,
29,11-27-2025,1.51,5,0,0,0,0,0,0,0,0,0,0,0,0,0,
29,11-28-2025,2.3,5,0,0,0,0,0,0,0,0,0,0,0,0,0,
29,12-01-2025,3.27,5,yeasty,0.06,0,0,0,0,0,0,0,0,1,0,0,
29,12-02-2025,3.27,5,yeasty,0.06,0,0,0,0,0,0,0,0,1,0,0,
29,12-03-2025,3.27,5,yeasty,0.06,0,0,0,0,0,0,0,0,1,0,0,
30,11-19-2025,0,0,0,0,0,0,0,0,0,0,0,0,0,0,0,
30,11-20-2025,0.82,5,0,0,0,0,0,0,0,0,0,0,0,0,0,
30,11-21-2025,0.94,5,0,0,0,0,0,0,0,0,0,0,0,0,0,
30,11-24-2025,1.89,5,0,0,0,0,0,0,0,0,0,0,0,0,0,
30,11-25-2025,4.04,5,0,0,0,0,0,0,0,0,0,0,0,0,0,
30,11-26-2025,4.04,5,0,0,0,0,0,0,0,0,0,0,0,0,0,
30,11-27-2025,5.78,5,0,0,0,0,0,0,0,0,0,0,0,0,0,
30,11-28-2025,7.74,5,0,0,0,0,0,0,0,0,0,0,0,0,0,
30,12-01-2025,8.9,5,0,0,0,0,0,0,0,0,0,0,0,0,0,
30,12-02-2025,8.96,5,0,0,0,0,0,0,0,0,0,0,0,0,0,
30,12-03-2025,8.99,5,0,0,0,0,0,0,0,0,0,0,0,0,0,
31,11-19-2025,0,0,0,0,0,0,0,0,0,0,0,0,0,0,0,
31,11-20-2025,0,0,0,0,0,0,0,0,0,0,0,0,0,0,0,
31,11-21-2025,1.02,5,S. fimicola,2.9,0,0,0,0,0,0,0,0,1,0,0,
31,11-24-2025,3.52,5,S. fimicola,32.14,0,0,0,0,0,0,0,0,1,0,0,
31,11-25-2025,4.14,5,S. fimicola,40,0,0,0,0,0,0,0,0,1,0,0,
31,11-26-2025,4.27,5,S. fimicola,48.42,0,0,0,0,0,0,0,0,1,0,0,
31,11-27-2025,4.57,5,S. fimicola,54.85,0,0,0,0,0,0,0,0,1,0,0,
31,11-28-2025,3.88,5,S. fimicola,56.96,0,0,0,0,0,0,0,0,1,0,0,
31,12-01-2025,3.74,4,S. fimicola,57.1,0,0,0,0,0,0,0,0,1,0,0,
31,12-02-2025,3.71,4,S. fimicola,57.14,0,0,0,0,0,0,0,0,1,0,0,
31,12-03-2025,3.61,4,S. fimicola,57.23,0,0,0,0,0,0,0,0,1,0,0,
32,11-19-2025,0,0,0,0,0,0,0,0,0,0,0,0,0,0,0,
32,11-20-2025,0,0,0,0,0,0,0,0,0,0,0,0,0,0,0,
32,11-21-2025,0.78,5,0,0,0,0,0,0,0,0,0,0,0,0,0,
32,11-24-2025,2.98,5,0,0,0,0,0,0,0,0,0,0,0,0,0,
32,11-25-2025,4.63,5,0,0,0,0,0,0,0,0,0,0,0,0,0,
32,11-26-2025,6.73,5,0,0,0,0,0,0,0,0,0,0,0,0,0,
32,11-27-2025,9.52,5,0,0,0,0,0,0,0,0,0,0,0,0,0,
32,11-28-2025,13.54,5,0,0,0,0,0,0,0,0,0,0,0,0,0,
32,12-01-2025,31.75,5,0,0,0,0,0,0,0,0,0,0,0,0,0,
32,12-02-2025,39.54,5,0,0,0,0,0,0,0,0,0,0,0,0,0,
32,12-03-2025,49.4,5,0,0,0,0,0,0,0,0,0,0,0,0,0,
33,11-19-2025,0,0,0,0,0,0,0,0,0,0,0,0,0,0,0,
33,11-20-2025,0,0,0,0,0,0,0,0,0,0,0,0,0,0,0,
33,11-21-2025,1.27,5,0,0,0,0,0,0,0,0,0,0,0,0,0,
33,11-24-2025,5.85,5,mycelium,2.11,0,0,0,0,0,0,0,0,1,0,0,
33,11-25-2025,8.26,5,mycelium,3.34,0,0,0,0,0,0,0,0,1,0,0,
33,11-26-2025,10.79,5,mycelium,4.03,0,0,0,0,0,0,0,0,1,0,0,
33,11-27-2025,13.461,5,mycelium,4.26,0,0,0,0,0,0,0,0,1,0,0,
33,11-28-2025,17.57,5,mycelium,4.51,0,0,0,0,0,0,0,0,1,0,0,
33,12-01-2025,31.01,5,mycelium,6.29,0,0,0,0,0,0,0,0,1,0,0,
33,12-02-2025,36.3,4,mycelium,7.86,0,0,0,0,0,0,0,0,1,0,0,
33,12-03-2025,40.33,4,mycelium,8.24,0,0,0,0,0,0,0,0,1,0,0,
34,11-19-2025,0,0,0,0,0,0,0,0,0,0,0,0,0,0,0,
34,11-20-2025,5.01,3,0,0,0,0,0,0,0,0,0,0,0,0,0,
34,11-21-2025,32.09,3,0,0,0,0,0,0,0,0,0,0,0,0,0,
34,11-24-2025,59.41,3,0,0,0,0,0,0,0,0,0,0,0,1,perithecia,
34,11-25-2025,60.24,3,0,0,0,0,0,0,0,0,0,0,0,1,perithecia,
34,11-26-2025,60.24,3,0,0,0,0,0,0,0,0,0,0,0,1,perithecia,
34,11-27-2025,60.24,3,0,0,0,0,0,0,0,0,0,0,0,1,perithecia,
34,11-28-2025,60.24,3,0,0,0,0,0,0,0,0,0,0,0,1,perithecia,
34,12-01-2025,60.24,3,0,0,0,0,0,0,0,0,0,0,0,1,perithecia,
34,12-02-2025,60.24,3,0,0,0,0,0,0,0,0,0,0,0,1,perithecia,
34,12-03-2025,60.24,3,0,0,0,0,0,0,0,0,0,0,0,1,perithecia,
35,11-19-2025,0,0,0,0,0,0,0,0,0,0,0,0,0,0,0,
35,11-20-2025,7.26,3,0,0,0,0,0,0,0,0,0,0,0,0,0,
35,11-21-2025,44.31,3,0,0,0,0,0,0,0,0,0,0,0,0,0,
35,11-24-2025,60,3,0,0,0,0,0,0,0,0,0,0,0,1,perithecia,
35,11-25-2025,60,3,0,0,0,0,0,0,0,0,0,0,0,1,perithecia,
35,11-26-2025,60,3,0,0,0,0,0,0,0,0,0,0,0,1,perithecia,
35,11-27-2025,60,3,0,0,0,0,0,0,0,0,0,0,0,1,perithecia,
35,11-28-2025,60,3,0,0,0,0,0,0,0,0,0,0,0,1,perithecia,
35,12-01-2025,60,3,0,0,0,0,0,0,0,0,0,0,0,1,perithecia,
35,12-02-2025,60,3,0,0,0,0,0,0,0,0,0,0,0,1,perithecia,
35,12-03-2025,60,3,0,0,0,0,0,0,0,0,0,0,0,1,perithecia,
36,11-19-2025,0,0,0,0,0,0,0,0,0,0,0,0,0,0,0,
36,11-20-2025,5.45,3,0,0,0,0,0,0,0,0,0,0,0,0,0,
36,11-21-2025,29.43,3,0,0,0,0,0,0,0,0,0,0,0,0,0,
36,11-24-2025,59.95,3,0,0,0,0,0,0,0,0,0,0,0,1,perithecia,
36,11-25-2025,59.95,3,0,0,0,0,0,0,0,0,0,0,0,1,perithecia,
36,11-26-2025,59.95,3,0,0,0,0,0,0,0,0,0,0,0,1,perithecia,
36,11-27-2025,59.95,3,0,0,0,0,0,0,0,0,0,0,0,1,perithecia,
36,11-28-2025,59.95,3,0,0,0,0,0,0,0,0,0,0,0,1,perithecia,
36,12-01-2025,59.95,3,0,0,0,0,0,0,0,0,0,0,0,1,perithecia,
36,12-02-2025,59.95,3,0,0,0,0,0,0,0,0,0,0,0,1,perithecia,
36,12-03-2025,59.95,3,0,0,0,0,0,0,0,0,0,0,0,1,perithecia,
37,11-19-2025,0,0,0,0,0,0,0,0,0,0,0,0,0,0,0,
37,11-20-2025,1.41,5,0,0,0,0,0,0,0,0,0,0,0,0,0,
37,11-21-2025,2.5,5,0,0,0,0,0,0,0,0,0,0,0,0,0,
37,11-24-2025,23.82,4,0,0,0,0,0,0,0,0,0,0,0,1,Conidia,
37,11-25-2025,34.06,4,0,0,0,0,0,0,0,0,0,0,0,1,Conidia,
37,11-26-2025,46.11,4,0,0,0,0,0,0,0,0,0,0,0,1,Conidia,
37,11-27-2025,49.74,3,0,0,0,0,0,0,0,0,0,0,0,1,Conidia,
37,11-28-2025,47.64,2,0,0,0,0,0,0,0,0,0,0,0,1,Conidia,
37,12-01-2025,47.23,2,0,0,0,0,0,0,0,0,0,0,0,1,Conidia,
37,12-02-2025,47.23,2,0,0,0,0,0,0,0,0,0,0,0,1,Conidia,
37,12-03-2025,47.23,2,0,0,0,0,0,0,0,0,0,0,0,1,Conidia,
38,11-19-2025,0,0,0,0,0,0,0,0,0,0,0,0,0,0,0,
38,11-20-2025,1.33,5,0,0,0,0,0,0,0,0,0,0,0,0,0,
38,11-21-2025,1.99,5,0,0,0,0,0,0,0,0,0,0,0,0,0,
38,11-24-2025,22.22,5,0,0,0,0,0,0,0,0,0,0,0,1,conidida,
38,11-25-2025,35.53,4,0,0,0,0,0,0,0,0,0,0,0,1,conidida,
38,11-26-2025,45.6,4,0,0,0,0,0,0,0,0,0,0,0,1,conidida,
38,11-27-2025,48.63,3,0,0,0,0,0,0,0,0,0,0,0,1,conidida,
38,11-28-2025,46.25,2,0,0,0,0,0,0,0,0,0,0,0,1,conidida,
38,12-01-2025,45.73,2,0,0,0,0,0,0,0,0,0,0,0,1,conidida,
38,12-02-2025,45.73,2,0,0,0,0,0,0,0,0,0,0,0,1,conidida,
38,12-03-2025,45.73,2,0,0,0,0,0,0,0,0,0,0,0,1,conidida,
39,11-19-2025,0,0,0,0,0,0,0,0,0,0,0,0,0,0,0,
39,11-20-2025,1.44,5,0,0,0,0,0,0,0,0,0,0,0,0,0,
39,11-21-2025,2.3,5,0,0,0,0,0,0,0,0,0,0,0,0,0,
39,11-24-2025,23.41,4,0,0,0,0,0,0,0,0,0,0,0,1,Conidia,
39,11-25-2025,33.24,4,0,0,0,0,0,0,0,0,0,0,0,1,Conidia,
39,11-26-2025,46.88,4,0,0,0,0,0,0,0,0,0,0,0,1,Conidia,
39,11-27-2025,49.02,4,0,0,0,0,0,0,0,0,0,0,0,1,Conidia,
39,11-28-2025,46.29,2,0,0,0,0,0,0,0,0,0,0,0,1,Conidia,
39,12-01-2025,46.29,2,0,0,0,0,0,0,0,0,0,0,0,1,Conidia,
39,12-02-2025,46.29,2,0,0,0,0,0,0,0,0,0,0,0,1,Conidia,
39,12-03-2025,46.29,2,0,0,0,0,0,0,0,0,0,0,0,1,Conidia,
43,11-25-2025,0,0,0,0,0,0,0,0,0,0,0,0,0,0,0,
43,11-26-2025,0,0,0,0,0,0,0,0,0,0,0,0,0,0,0,
43,11-27-2025,0,0,0,0,0,0,0,0,0,0,0,0,0,0,0,
43,11-28-2025,0,0,0,0,0,0,0,0,0,0,0,0,0,0,0,
43,12-01-2025,0,0,Same mycelium on three points,9.17,0,0,0,0,0,0,0,0,1,0,0,
43,12-02-2025,0,0,Same mycelium on three points,15.46,0,0,0,0,0,0,0,0,1,0,0,
43,12-03-2025,0,0,Same mycelium on three points,24.42,0,0,0,0,0,0,0,0,1,0,0,
43,12-04-2025,0,0,Same mycelium on three points,31.43,0,0,0,0,0,0,0,0,1,0,0,
43,12-05-2025,0,0,Same mycelium on three points,36.06,0,0,0,0,0,0,0,0,1,0,0,
43,12-08-2025,0,0,Same mycelium on three points,43.43,0,0,0,0,0,0,0,0,1,0,0,
43,12-09-2025,0,0,Same mycelium on three points,45.42,0,0,0,0,0,0,0,0,1,0,0,
44,11-25-2025,0,0,0,0,0,0,0,0,0,0,0,0,1,0,0,
44,11-26-2025,0,0,0,0,0,0,0,0,0,0,0,0,0,0,0,
44,11-27-2025,0,0,0,0,0,0,0,0,0,0,0,0,0,0,0,
44,11-28-2025,0,0,0,0,0,0,0,0,0,0,0,0,0,0,0,
44,12-01-2025,0,0,Same mycelium as in plate 43,9.78,0,0,0,0,0,0,0,0,1,0,0,
44,12-02-2025,0,0,Same mycelium as in plate 43,16.86,0,0,0,0,0,0,0,0,1,0,0,
44,12-03-2025,0,0,Same mycelium as in plate 43,26.36,0,0,0,0,0,0,0,0,1,0,0,
44,12-04-2025,0,0,Same mycelium as in plate 43,34.3,0,0,0,0,0,0,0,0,1,0,0,
44,12-05-2025,0,0,Same mycelium as in plate 43,40.75,0,0,0,0,0,0,0,0,1,0,0,
44,12-08-2025,0,0,Same mycelium as in plate 43,45.25,0,0,0,0,0,0,0,0,1,0,0,
44,12-09-2025,0,0,Same mycelium as in plate 43,47.24,0,0,0,0,0,0,0,0,1,0,0,
45,11-25-2025,0,0,0,0,0,0,0,0,0,0,0,0,1,0,0,
45,11-26-2025,0,0,0,0,0,0,0,0,0,0,0,0,0,0,0,
45,11-27-2025,0,0,0,0,0,0,0,0,0,0,0,0,0,0,0,
45,11-28-2025,0,0,0,0,0,0,0,0,0,0,0,0,0,0,0,
45,12-01-2025,0,0,Same mycelium as in plate 43,12.06,0,0,0,0,0,0,0,0,1,0,0,
45,12-02-2025,0,0,Same mycelium as in plate 43,19.94,0,0,0,0,0,0,0,0,1,0,0,
45,12-03-2025,0,0,Same mycelium as in plate 43,28.49,0,0,0,0,0,0,0,0,1,0,0,
45,12-04-2025,0,0,Same mycelium as in plate 43,31.36,0,0,0,0,0,0,0,0,1,0,0,
45,12-05-2025,0,0,Same mycelium as in plate 43,38.11,0,0,0,0,0,0,0,0,1,0,0,
45,12-08-2025,0,0,Same mycelium as in plate 43,44.17,0,0,0,0,0,0,0,0,1,0,0,
45,12-09-2025,0,0,Same mycelium as in plate 43,46.29,0,0,0,0,0,0,0,0,1,0,0,
46,11-25-2025,0,0,0,0,0,0,0,0,0,0,0,0,0,0,0,
46,11-26-2025,0,0,0,0,0,0,0,0,0,0,0,0,0,0,0,
46,11-27-2025,1.1,5,0,0,0,0,0,0,0,0,0,0,0,0,0,
46,11-28-2025,1.34,5,0,0,0,0,0,0,0,0,0,0,0,0,0,
46,12-01-2025,4.92,5,Same mycelium as in plate 43,16.09,0,0,0,0,0,0,0,0,1,0,0,
46,12-02-2025,8.713,5,Same mycelium as in plate 43,26.38,0,0,0,0,0,0,0,0,1,0,0,
46,12-03-2025,10.71,5,Same mycelium as in plate 43,34.48,0,0,0,0,0,0,0,0,1,0,0,
46,12-04-2025,11.73,4,Same mycelium as in plate 43,38.81,0,0,0,0,0,0,0,0,1,0,0,
46,12-05-2025,22.92,3,Same mycelium as in plate 43,41.69,0,0,0,0,0,0,0,0,1,0,0,Overlapping Pleurotus and mold growth
46,12-08-2025,45.67,3,Same mycelium as in plate 43,41.69,0,0,0,0,0,0,0,0,1,0,0,
46,12-09-2025,51.92,3,Same mycelium as in plate 43,41.69,0,0,0,0,0,0,0,0,1,0,0,
47,11-25-2025,0,0,0,0,0,0,0,0,0,0,0,0,0,0,0,
47,11-26-2025,0,0,0,0,0,0,0,0,0,0,0,0,0,0,0,
47,11-27-2025,1.23,5,0,0,0,0,0,0,0,0,0,0,0,0,0,
47,11-28-2025,1.12,5,0,0,0,0,0,0,0,0,0,0,0,0,0,
47,12-01-2025,7.55,5,Same mycelium as in plate 43,12.54,0,0,0,0,0,0,0,0,1,0,0,
47,12-02-2025,11.93,5,Same mycelium as in plate 43,20.9,0,0,0,0,0,0,0,0,1,0,0,
47,12-03-2025,18.36,4,Same mycelium as in plate 43,25.76,0,0,0,0,0,0,0,0,1,0,0,
47,12-04-2025,25.41,3,Same mycelium as in plate 43,28.42,0,0,0,0,0,0,0,0,1,0,0,
47,12-05-2025,31.41,3,Same mycelium as in plate 43,28.91,0,0,0,0,0,0,0,0,1,0,0,
47,12-08-2025,57.91,3,Same mycelium as in plate 43,28.91,0,0,0,0,0,0,0,0,1,0,0,Mold completely overgrown
47,12-09-2025,59.97,3,Same mycelium as in plate 43,28.91,0,0,0,0,0,0,0,0,1,0,0,Mold completely overgrown
48,11-25-2025,0,0,0,0,0,0,0,0,0,0,0,0,0,0,0,
48,11-26-2025,0,0,0,0,0,0,0,0,0,0,0,0,0,0,0,
48,11-27-2025,1.41,5,0,0,0,0,0,0,0,0,0,0,0,0,0,
48,11-28-2025,1.753,5,0,0,0,0,0,0,0,0,0,0,0,0,0,
48,12-01-2025,6.1,5,Same mycelium as in plate 43,6,0,0,0,0,0,0,0,0,1,0,0,
48,12-02-2025,8.27,5,Same mycelium as in plate 43,11.68,0,0,0,0,0,0,0,0,1,0,0,
48,12-03-2025,13.08,4,Same mycelium as in plate 43,17.35,0,0,0,0,0,0,0,0,1,0,0,
48,12-04-2025,24.42,3,Same mycelium as in plate 43,17.35,0,0,0,0,0,0,0,0,1,0,0,
48,12-05-2025,34.58,3,Same mycelium as in plate 43,17.35,0,0,0,0,0,0,0,0,1,0,0,
48,12-08-2025,56.81,4,Same mycelium as in plate 43,17.35,0,0,0,0,0,0,0,0,1,0,0,
48,12-09-2025,58.57,4,Same mycelium as in plate 43,17.35,0,0,0,0,0,0,0,0,1,0,0,
49,11-25-2025,0,0,0,0,0,0,0,0,0,0,0,0,0,0,0,
49,11-26-2025,0,0,0,0,0,0,0,0,0,0,0,0,0,0,0,
49,11-27-2025,1.13,5,0,0,0,0,0,0,0,0,0,0,0,0,0,
49,11-28-2025,1.33,5,0,0,0,0,0,0,0,0,0,0,0,0,0,
49,12-01-2025,4.81,5,Same mycelium as in plate 43,9.76,0,0,0,0,0,0,0,0,1,0,0,
49,12-02-2025,8.97,5,Same mycelium as in plate 43,24.35,0,0,0,0,0,0,0,0,1,0,0,
49,12-03-2025,16.1,4,Same mycelium as in plate 43,33.18,0,0,0,0,0,0,0,0,1,0,0,
49,12-04-2025,22,4,Same mycelium as in plate 43,33.74,0,0,0,0,0,0,0,0,1,0,0,
49,12-05-2025,25.52,4,Same mycelium as in plate 43,33.94,0,0,0,0,0,0,0,0,1,0,0,
49,12-08-2025,48.31,4,Same mycelium as in plate 43,33.94,0,0,0,0,0,0,0,0,1,0,0,
49,12-09-2025,52.15,4,Same mycelium as in plate 43,33.94,0,0,0,0,0,0,0,0,1,0,0,
50,11-25-2025,0,0,0,0,0,0,0,0,0,0,0,0,0,0,0,
50,11-26-2025,0,0,0,0,0,0,0,0,0,0,0,0,0,0,0,
50,11-27-2025,0,0,0,0,0,0,0,0,0,0,0,0,0,0,0,
50,11-28-2025,0,0,0,0,0,0,0,0,0,0,0,0,0,0,0,
50,12-01-2025,0,0,Same mycelium as in plate 43,9.69,0,0,0,0,0,0,0,0,1,0,0,
50,12-02-2025,0,0,Same mycelium as in plate 43,18.12,0,0,0,0,0,0,0,0,1,0,0,
50,12-03-2025,0,0,Same mycelium as in plate 43,27.07,0,0,0,0,0,0,0,0,1,0,0,
50,12-04-2025,0,0,Same mycelium as in plate 43,34.68,0,0,0,0,0,0,0,0,1,0,0,
50,12-05-2025,0,0,Same mycelium as in plate 43,38.48,0,0,0,0,0,0,0,0,1,0,0,
50,12-08-2025,0,0,Same mycelium as in plate 43,42.38,0,0,0,0,0,0,0,0,1,0,0,
50,12-09-2025,0,0,Same mycelium as in plate 43,42.38,0,0,0,0,0,0,0,0,1,0,0,
51,11-25-2025,0,0,0,0,0,0,0,0,0,0,0,0,0,0,0,
51,11-26-2025,0,0,0,0,0,0,0,0,0,0,0,0,0,0,0,
51,11-27-2025,0,0,0,0,0,0,0,0,0,0,0,0,0,0,0,
51,11-28-2025,0,0,0,0,0,0,0,0,0,0,0,0,0,0,0,
51,12-01-2025,0,0,Same mycelium as in plate 43,11.41,0,0,0,0,0,0,0,0,1,0,0,
51,12-02-2025,0,0,Same mycelium as in plate 43,23.29,0,0,0,0,0,0,0,0,1,0,0,
51,12-03-2025,0,0,Same mycelium as in plate 43,31.06,0,0,0,0,0,0,0,0,1,0,0,
51,12-04-2025,0,0,Same mycelium as in plate 43,36.71,0,0,0,0,0,0,0,0,1,0,0,
51,12-05-2025,0,0,Same mycelium as in plate 43,40.79,0,0,0,0,0,0,0,0,1,0,0,
51,12-08-2025,0,0,Same mycelium as in plate 43,43.66,0,0,0,0,0,0,0,0,1,0,0,
51,12-09-2025,0,0,Same mycelium as in plate 43,43.66,0,0,0,0,0,0,0,0,1,0,0,
52,11-25-2025,0,0,0,0,0,0,0,0,0,0,0,0,0,0,0,
52,11-26-2025,0,0,0,0,0,0,0,0,0,0,0,0,0,0,0,
52,11-27-2025,0,0,S. fimicola,5.36,0,0,0,0,0,0,0,0,1,0,0,
52,11-28-2025,0,0,S. fimicola,34.22,0,0,0,0,0,0,0,0,1,0,0,
52,12-01-2025,0,0,S. fimicola,60.05,0,0,0,0,0,0,0,0,1,0,0,
52,12-02-2025,0,0,S. fimicola,60.05,0,0,0,0,0,0,0,0,1,0,0,
52,12-03-2025,0,0,S. fimicola,60.05,0,0,0,0,0,0,0,0,1,0,0,
52,12-04-2025,0,0,S. fimicola,60.05,0,0,0,0,0,0,0,0,1,0,0,
52,12-05-2025,0,0,S. fimicola,60.05,0,0,0,0,0,0,0,0,1,0,0,
52,12-08-2025,0,0,S. fimicola,60.05,0,0,0,0,0,0,0,0,1,0,0,
52,12-09-2025,0,0,S. fimicola,60.05,0,0,0,0,0,0,0,0,1,0,0,
53,11-25-2025,0,0,0,0,0,0,0,0,0,0,0,0,0,0,0,
53,11-26-2025,0,0,0,0,0,0,0,0,0,0,0,0,0,0,0,
53,11-27-2025,0,0,0,0,0,0,0,0,0,0,0,0,0,0,0,
53,11-28-2025,0,0,0,0,0,0,0,0,0,0,0,0,0,0,0,
53,12-01-2025,0,0,Same mycelium as in plate 43,11.22,0,0,0,0,0,0,0,0,1,0,0,0
53,12-02-2025,0,0,Same mycelium as in plate 43,17.58,0,0,0,0,0,0,0,0,1,0,0,
53,12-03-2025,0,0,Same mycelium as in plate 43,23.7,0,0,0,0,0,0,0,0,1,0,0,
53,12-04-2025,0,0,Same mycelium as in plate 43,27.81,0,0,0,0,0,0,0,0,1,0,0,
53,12-05-2025,0,0,Same mycelium as in plate 43,31.19,dense mycelium,0.492,0,0,0,0,0,0,2,0,0,
53,12-08-2025,0,0,Same mycelium as in plate 43,36.67,dense mycelium,16.575,0,0,0,0,0,0,2,0,0,
54,12-09-2025,0,0,Same mycelium as in plate 43,36.67,dense mycelium,21.714,0,0,0,0,0,0,2,0,0,
54,11-25-2025,0,0,0,0,0,0,0,0,0,0,0,0,0,0,0,
54,11-26-2025,0,0,0,0,0,0,0,0,0,0,0,0,0,0,0,
54,11-27-2025,0,0,0,0,0,0,0,0,0,0,0,0,0,0,0,
54,11-28-2025,0,0,0,0,0,0,0,0,0,0,0,0,0,0,0,
54,12-01-2025,0,0,Same mycelium as in plate 43,14.38,0,0,0,0,0,0,0,0,1,0,0,
54,12-02-2025,0,0,Same mycelium as in plate 43,28.46,0,0,0,0,0,0,0,0,1,0,0,
54,12-03-2025,0,0,Same mycelium as in plate 43,37.6,0,0,0,0,0,0,0,0,1,0,0,
54,12-04-2025,0,0,Same mycelium as in plate 43,42.71,0,0,0,0,0,0,0,0,1,0,0,
54,12-05-2025,0,0,Same mycelium as in plate 43,44.65,0,0,0,0,0,0,0,0,1,0,0,
54,12-08-2025,0,0,Same mycelium as in plate 43,44.65,0,0,0,0,0,0,0,0,1,0,0,
54,12-09-2025,0,0,Same mycelium as in plate 43,44.65,0,0,0,0,0,0,0,0,1,0,0,
55,11-25-2025,0,0,0,0,0,0,0,0,0,0,0,0,0,0,0,
55,11-26-2025,7.43,3,0,0,0,0,0,0,0,0,0,0,0,0,0,
55,11-27-2025,46.57,3,0,0,0,0,0,0,0,0,0,0,0,0,0,
55,11-28-2025,60.27,3,0,0,0,0,0,0,0,0,0,0,0,1,perithecia,
55,12-01-2025,60.27,3,0,0,0,0,0,0,0,0,0,0,0,1,perithecia,
55,12-02-2025,60.27,3,0,0,0,0,0,0,0,0,0,0,0,1,perithecia,
55,12-03-2025,60.27,3,0,0,0,0,0,0,0,0,0,0,0,1,perithecia,
55,12-04-2025,60.27,3,0,0,0,0,0,0,0,0,0,0,0,1,perithecia,
55,12-05-2025,60.27,3,0,0,0,0,0,0,0,0,0,0,0,1,perithecia,
55,12-08-2025,60.27,3,0,0,0,0,0,0,0,0,0,0,0,1,perithecia,
55,12-09-2025,60.27,3,0,0,0,0,0,0,0,0,0,0,0,1,perithecia,
56,11-25-2025,0,0,0,0,0,0,0,0,0,0,0,0,0,0,0,
56,11-26-2025,3.29,3,0,0,0,0,0,0,0,0,0,0,0,0,0,
56,11-27-2025,38.68,3,0,0,0,0,0,0,0,0,0,0,0,0,0,
56,11-28-2025,60.01,3,0,0,0,0,0,0,0,0,0,0,0,0,0,
56,12-01-2025,60.01,3,0,0,0,0,0,0,0,0,0,0,0,1,perithecia,
56,12-02-2025,60.01,3,0,0,0,0,0,0,0,0,0,0,0,1,perithecia,
56,12-03-2025,60.01,3,0,0,0,0,0,0,0,0,0,0,0,1,perithecia,
56,12-04-2025,60.01,3,0,0,0,0,0,0,0,0,0,0,0,1,perithecia,
56,12-05-2025,60.01,3,0,0,0,0,0,0,0,0,0,0,0,1,perithecia,
56,12-08-2025,60.01,3,0,0,0,0,0,0,0,0,0,0,0,1,perithecia,
56,12-09-2025,60.01,3,0,0,0,0,0,0,0,0,0,0,0,1,perithecia,
57,11-25-2025,0,0,0,0,0,0,0,0,0,0,0,0,0,0,0,
57,11-26-2025,5.13,3,0,0,0,0,0,0,0,0,0,0,0,0,0,
57,11-27-2025,36.58,3,0,0,0,0,0,0,0,0,0,0,0,0,0,
57,11-28-2025,56.17,3,0,0,0,0,0,0,0,0,0,0,0,0,0,
57,12-01-2025,59.99,3,0,0,0,0,0,0,0,0,0,0,0,1,perithecia,
57,12-02-2025,59.99,3,0,0,0,0,0,0,0,0,0,0,0,1,perithecia,
57,12-03-2025,59.99,3,0,0,0,0,0,0,0,0,0,0,0,1,perithecia,
57,12-04-2025,59.99,3,0,0,0,0,0,0,0,0,0,0,0,1,perithecia,
57,12-05-2025,59.99,3,0,0,0,0,0,0,0,0,0,0,0,1,perithecia,
57,12-08-2025,59.99,3,0,0,0,0,0,0,0,0,0,0,0,1,perithecia,
57,12-09-2025,59.99,3,0,0,0,0,0,0,0,0,0,0,0,1,perithecia,
58,11-26-2025,0,0,0,0,0,0,0,0,0,0,0,0,0,0,0,
58,11-27-2025,1.71,4,0,0,0,0,0,0,0,0,0,0,0,0,0,
58,11-28-2025,5.81,4,0,0,0,0,0,0,0,0,0,0,0,0,0,
58,12-01-2025,41.3,4,Same mycelium as in plate 43,0.76,0,0,0,0,0,0,0,0,1,0,0,
58,12-02-2025,54.12,4,Same mycelium as in plate 43,0.79,0,0,0,0,0,0,0,0,1,0,0,
58,12-03-2025,54.36,4,Same mycelium as in plate 43,0.79,0,0,0,0,0,0,0,0,1,0,0,
58,12-04-2025,54.31,3,Same mycelium as in plate 43,1.54,0,5.003,0,0,0,0,0,0,2,0,0,
58,12-05-2025,54.21,2,Same mycelium as in plate 43,1.45,White mycelium,7.52,0,0,0,0,0,0,2,0,0,
58,12-08-2025,54.21,2,Same mycelium as in plate 43,1.42,White mycelium turned greenish,22.34,0,0,0,0,0,0,2,0,0,
58,12-09-2025,54.21,2,Same mycelium as in plate 43,1.04,White mycelium turned greenish,26.485,0,0,0,0,0,0,2,0,0,
59,11-25-2025,0,0,0,0,0,0,0,0,0,0,0,0,0,0,0,
59,11-26-2025,0,0,0,0,0,0,0,0,0,0,0,0,0,0,0,
59,11-27-2025,1.87,4,0,0,0,0,0,0,0,0,0,0,0,0,0,
59,11-28-2025,6.63,4,0,0,0,0,0,0,0,0,0,0,0,0,0,
59,12-01-2025,40.01,4,Same mycelium as in plate 43,5.1,0,0,0,0,0,0,0,0,1,0,0,
59,12-02-2025,48.02,4,Same mycelium as in plate 43,5.97,0,0,0,0,0,0,0,0,1,0,0,
59,12-03-2025,49.3,4,Same mycelium as in plate 43,5.97,0,0,0,0,0,0,0,0,1,0,0,
59,12-04-2025,49.3,3,Same mycelium as in plate 43,5.97,0,0,0,0,0,0,0,0,1,0,0,
59,12-05-2025,49.3,2,Same mycelium as in plate 43,5.97,0,0,0,0,0,0,0,0,1,0,0,
59,12-08-2025,49.3,2,Same mycelium as in plate 43,5.97,0,0,0,0,0,0,0,0,1,0,0,
59,12-09-2025,49.3,2,Same mycelium as in plate 43,5.97,0,0,0,0,0,0,0,0,1,0,0,
60,11-25-2025,0,0,0,0,0,0,0,0,0,0,0,0,0,0,0,
60,11-26-2025,0.16,3,0,0,0,0,0,0,0,0,0,0,0,0,0,
60,11-27-2025,1.87,5,0,0,0,0,0,0,0,0,0,0,0,0,0,
60,11-28-2025,6.62,5,0,0,0,0,0,0,0,0,0,0,0,0,0,
60,12-01-2025,39.86,4,Same mycelium as in plate 43,5.53,0,0,0,0,0,0,0,0,1,0,0,
60,12-02-2025,47.6,4,Same mycelium as in plate 43,6.67,0,0,0,0,0,0,0,0,1,0,0,
60,12-03-2025,49.52,4,Same mycelium as in plate 43,5.73,0,0,0,0,0,0,0,0,1,0,0,
60,12-04-2025,48.14,4,Same mycelium as in plate 43,5.84,0,0,0,0,0,0,0,0,1,0,0,
60,12-05-2025,47.79,2,Same mycelium as in plate 43,5.78,0,0,0,0,0,0,0,0,1,0,0,
60,12-08-2025,47.53,2,Same mycelium as in plate 43,5.79,0,0,0,0,0,0,0,0,1,0,0,
60,12-09-2025,47.59,2,Same mycelium as in plate 43,5.92,0,0,0,0,0,0,0,0,1,0,0,
67,11-26-2025,0,0,0,0,0,0,0,0,0,0,0,0,0,0,0,
67,11-27-2025,0,0,0,0,0,0,0,0,0,0,0,0,0,0,0,
67,11-28-2025,0,0,0,0,0,0,0,0,0,0,0,0,0,0,0,
67,12-01-2025,0,0,white mycelium,3.67,0,0,0,0,0,0,0,0,1,0,0,
67,12-02-2025,0,0,white mycelium grey spores,9.22,other mycelium more dense ,0.145,0,0,0,0,0,0,2,0,0,
67,12-03-2025,0,0,white mycelium grey spores,16.89,other mycelium cream coloured spores,0.874,0,0,0,0,0,0,2,0,0,
67,12-04-2025,0,0,white mycelium grey spores,24.74,other mycelium cream coloured spores,2.045,0,0,0,0,0,0,2,0,0,
67,12-05-2025,0,0,white mycelium grey spores,28.98,other mycelium cream coloured spores,2.761,0,0,0,0,0,0,2,0,0,
67,12-08-2025,0,0,white mycelium grey spores,39.03,other mycelium cream coloured spores,4.409,0,0,0,0,0,0,2,0,0,
67,12-09-2025,0,0,white mycelium grey spores,40.43,other mycelium cream coloured spores,4.488,0,0,0,0,0,0,2,0,0,
67,12-10-2025,0,0,white mycelium grey spores,40.52,other mycelium cream coloured spores,4.529,0,0,0,0,0,0,2,0,0,
68,11-26-2025,0,0,0,0,0,0,0,0,0,0,0,0,0,0,0,
68,11-27-2025,0,0,0,0,0,0,0,0,0,0,0,0,0,0,0,
68,11-28-2025,0,0,0,0,0,0,0,0,0,0,0,0,0,0,0,
68,12-01-2025,0,0,white mycelium,0.66,0,0,0,0,0,0,0,0,1,0,0,
68,12-02-2025,0,0,white mycelium grey spores,5.38,0,0,0,0,0,0,0,0,1,0,0,
68,12-03-2025,0,0,white mycelium grey spores,12.25,0,0,0,0,0,0,0,0,1,0,0,
68,12-04-2025,0,0,white mycelium grey spores,21.03,0,0,0,0,0,0,0,0,1,0,0,
68,12-05-2025,0,0,white mycelium grey spores,26.24,0,0,0,0,0,0,0,0,1,0,0,
68,12-08-2025,0,0,white mycelium grey spores,37.18,0,0,0,0,0,0,0,0,1,0,0,
68,12-09-2025,0,0,white mycelium grey spores,37.39,0,0,0,0,0,0,0,0,1,0,0,
68,12-10-2025,0,0,white mycelium grey spores,35.58,0,0,0,0,0,0,0,0,1,0,0,
69,11-26-2025,0,0,0,0,0,0,0,0,0,0,0,0,0,0,0,
69,11-27-2025,0,0,0,0,0,0,0,0,0,0,0,0,0,0,0,
69,11-28-2025,0,0,0,0,0,0,0,0,0,0,0,0,0,0,0,
69,12-01-2025,0,0,0,0,0,0,0,0,0,0,0,0,0,0,0,
69,12-02-2025,0,0,0,0,0,0,0,0,0,0,0,0,0,0,0,
69,12-03-2025,0,0,0,0,0,0,0,0,0,0,0,0,0,0,0,
69,12-04-2025,0,0,0,0,0,0,0,0,0,0,0,0,0,0,0,
69,12-05-2025,0,0,0,0,0,0,0,0,0,0,0,0,0,0,0,
69,12-08-2025,0,0,0,0,0,0,0,0,0,0,0,0,0,0,0,
69,12-09-2025,0,0,0,0,0,0,0,0,0,0,0,0,0,0,0,
69,12-10-2025,0,0,0,0,0,0,0,0,0,0,0,0,0,0,0,
70,11-26-2025,0,0,0,0,0,0,0,0,0,0,0,0,0,0,0,
70,11-27-2025,0.86,3,0,0,0,0,0,0,0,0,0,0,0,0,0,
70,11-28-2025,1.35,5,0,0,0,0,0,0,0,0,0,0,0,0,0,
70,12-01-2025,2.66,5,white mycelium,0.02,0,0,0,0,0,0,0,0,1,0,0,
70,12-02-2025,4.21,5,white mycelium yellow conidia,0.57,0,0,0,0,0,0,0,0,1,0,0,
70,12-03-2025,7.39,5,white mycelium yellow conidia,2.87,mycelium grey spores,0.136,0,0,0,0,0,0,2,0,0,
70,12-04-2025,10.55,5,white mycelium yellow conidia,5.93,mycelium grey spores,0.342,0,0,0,0,0,0,2,0,0,
70,12-05-2025,13.53,5,white mycelium yellow conidia,8.99,mycelium grey spores,0.566,0,0,0,0,0,0,2,0,0,
70,12-08-2025,27.1,5,white mycelium yellow conidia,15.44,0,0,0,0,0,0,0,0,1,0,0,
70,12-09-2025,31.2,5,white mycelium yellow conidia,15.99,0,0,0,0,0,0,0,0,1,0,0,
70,12-10-2025,37.28,5,white mycelium yellow conidia,16.19,0,0,0,0,0,0,0,0,1,0,0,
71,11-26-2025,0,0,0,0,0,0,0,0,0,0,0,0,0,0,0,
71,11-27-2025,0.8,3,0,0,0,0,0,0,0,0,0,0,0,0,0,
71,11-28-2025,1.15,5,0,0,0,0,0,0,0,0,0,0,0,0,0,
71,12-01-2025,3.58,5,white mycelium,1.06,0,0,0,0,0,0,0,0,1,0,0,
71,12-02-2025,5.34,5,mycelium grey spores,3.3,0,0,0,0,0,0,0,0,1,0,0,
71,12-03-2025,8.68,5,mycelium grey spores,6.1,0,0,0,0,0,0,0,0,1,0,0,
71,12-04-2025,13.64,5,mycelium grey spores,7.86,0,0,0,0,0,0,0,0,1,0,0,
71,12-05-2025,34.54,5,mycelium grey spores,10.5,0,0,0,0,0,0,0,0,1,0,0,
71,12-08-2025,40.12,5,mycelium grey spores,11.57,0,0,0,0,0,0,0,0,1,0,0,
71,12-09-2025,45.96,5,mycelium grey spores,11.89,0,0,0,0,0,0,0,0,1,0,0,
71,12-10-2025,47.65,5,mycelium grey spores,11.07,0,0,0,0,0,0,0,0,1,0,0,
72,11-26-2025,0,0,0,0,0,0,0,0,0,0,0,0,0,0,0,
72,11-27-2025,0.89,3,0,0,0,0,0,0,0,0,0,0,0,0,0,
72,11-28-2025,1.28,5,0,0,0,0,0,0,0,0,0,0,0,0,0,
72,12-01-2025,3.66,5,0,0,0,0,0,0,0,0,0,0,0,0,0,
72,12-02-2025,5.28,5,white mycelium yellow conidia,0.72,0,0,0,0,0,0,0,0,0,0,0,
72,12-03-2025,8.37,5,white mycelium yellow conidia,2.69,0,0,0,0,0,0,0,0,1,0,0,
72,12-04-2025,12.86,5,white mycelium yellow conidia,5.39,0,0,0,0,0,0,0,0,1,0,0,
72,12-05-2025,16.8,5,white mycelium yellow conidia,7.12,0,0,0,0,0,0,0,0,1,0,0,
72,12-08-2025,36.31,5,white mycelium yellow conidia,11.26,0,0,0,0,0,0,0,0,1,0,0,
72,12-09-2025,42.35,5,white mycelium yellow conidia,11.35,0,0,0,0,0,0,0,0,1,0,0,
72,12-10-2025,47.63,5,white mycelium yellow conidia,11.35,0,0,0,0,0,0,0,0,1,0,0,
73,11-26-2025,0,0,0,0,0,0,0,0,0,0,0,0,0,0,0,
73,11-27-2025,0.69,3,0,0,0,0,0,0,0,0,0,0,0,0,0,
73,11-28-2025,1.11,5,0,0,0,0,0,0,0,0,0,0,0,0,0,
73,12-01-2025,2.8,5,white mycelium,0.9,0,0,0,0,0,0,0,0,1,0,0,
73,12-02-2025,4.74,5,mycelium grey spores,2.6,0,0,0,0,0,0,0,0,1,0,0,
73,12-03-2025,7.77,5,mycelium grey spores,4.4,0,0,0,0,0,0,0,0,1,0,0,
73,12-04-2025,10.73,5,mycelium grey spores,6.95,0,0,0,0,0,0,0,0,1,0,0,
73,12-05-2025,14.97,5,mycelium grey spores,7.54,0,0,0,0,0,0,0,0,1,0,0,
73,12-08-2025,30.79,5,mycelium grey spores,10.87,0,0,0,0,0,0,0,0,1,0,0,
73,12-09-2025,35.25,5,mycelium grey spores,12.73,0,0,0,0,0,0,0,0,1,0,0,
73,12-10-2025,41.21,5,mycelium grey spores,11.59,0,0,0,0,0,0,0,0,1,0,0,
74,11-26-2025,0,0,0,0,0,0,0,0,0,0,0,0,0,0,0,
74,11-27-2025,0,0,0,0,0,0,0,0,0,0,0,0,0,0,0,
74,11-28-2025,1.02,5,0,0,0,0,0,0,0,0,0,0,0,0,0,
74,12-01-2025,2.87,5,mycelium grey spores,1.61,0,0,0,0,0,0,0,0,1,0,0,
74,12-02-2025,4.64,5,mycelium grey spores,0.46,0,0,0,0,0,0,0,0,1,0,0,
74,12-03-2025,7.8,5,mycelium grey spores,7.83,0,0,0,0,0,0,0,0,1,0,0,
74,12-04-2025,11.74,5,mycelium grey spores,8.91,0,0,0,0,0,0,0,0,1,0,0,
74,12-05-2025,16.09,5,mycelium grey spores,9.74,0,0,0,0,0,0,0,0,1,0,0,
74,12-08-2025,30.97,5,mycelium grey spores,11.97,0,0,0,0,0,0,0,0,1,0,0,
74,12-09-2025,33.5,5,mycelium grey spores,12.05,0,0,0,0,0,0,0,0,1,0,0,
74,12-10-2025,36.77,5,mycelium grey spores,12.05,0,0,0,0,0,0,0,0,1,0,0,
75,11-26-2025,0,0,0,0,0,0,0,0,0,0,0,0,0,0,0,
75,11-27-2025,0,0,0,0,0,0,0,0,0,0,0,0,0,0,0,
75,11-28-2025,0.98,0,0,0,0,0,0,0,0,0,0,0,0,0,0,
75,12-01-2025,2.67,5,0,0,0,0,0,0,0,0,0,0,0,0,0,
75,12-02-2025,3.85,5,0,0,0,0,0,0,0,0,0,0,0,0,0,
75,12-03-2025,6.86,5,mycelium black dots,0.18,0,0,0,0,0,0,0,0,1,0,0,
75,12-04-2025,9.22,5,mycelium black dots,0.8,0,0,0,0,0,0,0,0,1,0,0,
75,12-05-2025,11.73,5,mycelium black dots,1.34,0,0,0,0,0,0,0,0,1,0,0,
75,12-08-2025,26.63,5,mycelium black dots,6.01,0,0,0,0,0,0,0,0,1,0,0,
75,12-09-2025,32.59,5,mycelium black dots,7.85,0,0,0,0,0,0,0,0,1,0,0,
75,12-10-2025,41.99,5,mycelium black dots,9.83,0,0,0,0,0,0,0,0,1,0,0,
76,11-26-2025,0,0,0,0,0,0,0,0,0,0,0,0,1,0,0,
76,11-27-2025,0,0,0,0,0,0,0,0,0,0,0,0,0,0,0,
76,11-28-2025,0,0,0,0,0,0,0,0,0,0,0,0,0,0,0,
76,12-01-2025,0,0,mycelium white,1.03,0,0,0,0,0,0,0,0,1,0,0,
76,12-02-2025,0,0,mycelium white,3.39,0,0,0,0,0,0,0,0,1,0,0,
76,12-03-2025,0,0,mycelium white,3.56,0,0,0,0,0,0,0,0,1,0,0,
76,12-04-2025,0,0,mycelium white,7.97,0,0,0,0,0,0,0,0,1,0,0,
76,12-05-2025,0,0,mycelium white,16.95,0,0,0,0,0,0,0,0,1,0,0,
76,12-08-2025,0,0,mycelium white,27.93,0,0,0,0,0,0,0,0,1,0,0,
76,12-09-2025,0,0,mycelium white,29.1,0,0,0,0,0,0,0,0,1,0,0,
76,12-10-2025,0,0,mycelium white,31.87,0,0,0,0,0,0,0,0,1,0,0,
77,11-26-2025,0,0,0,0,0,0,0,0,0,0,0,0,0,0,0,
77,11-27-2025,0,0,0,0,0,0,0,0,0,0,0,0,0,0,0,
77,11-28-2025,0,0,0,0,0,0,0,0,0,0,0,0,0,0,0,
77,12-01-2025,0,0,0,0,0,0,0,0,0,0,0,0,0,0,0,
77,12-02-2025,0,0,0,0,0,0,0,0,0,0,0,0,0,0,0,
77,12-03-2025,0,0,0,0,0,0,0,0,0,0,0,0,0,0,0,
77,12-04-2025,0,0,0,0,0,0,0,0,0,0,0,0,0,0,0,
77,12-05-2025,0,0,0,0,0,0,0,0,0,0,0,0,0,0,0,
77,12-08-2025,0,0,0,0,0,0,0,0,0,0,0,0,0,0,0,
77,12-09-2025,0,0,0,0,0,0,0,0,0,0,0,0,0,0,0,
77,12-10-2025,0,0,0,0,0,0,0,0,0,0,0,0,0,0,0,
78,11-26-2025,0,0,0,0,0,0,0,0,0,0,0,0,0,0,0,
78,11-27-2025,0,0,0,0,0,0,0,0,0,0,0,0,0,0,0,
78,11-28-2025,0,0,0,0,0,0,0,0,0,0,0,0,0,0,0,
78,12-01-2025,0,0,white mycelium,0.53,0,0,0,0,0,0,0,0,1,0,0,
78,12-02-2025,0,0,white mycelium,3.59,0,0,0,0,0,0,0,0,1,0,0,
78,12-03-2025,0,0,white mycelium,8.13,0,0,0,0,0,0,0,0,1,0,0,
78,12-04-2025,0,0,white mycelium,15.21,0,0,0,0,0,0,0,0,1,0,0,
78,12-05-2025,0,0,white mycelium,20.54,0,0,0,0,0,0,0,0,1,0,0,
78,12-08-2025,0,0,white mycelium,33.93,0,0,0,0,0,0,0,0,1,0,0,
78,12-09-2025,0,0,white mycelium,36.55,0,0,0,0,0,0,0,0,1,0,0,
78,12-10-2025,0,0,white mycelium,38.15,0,0,0,0,0,0,0,0,1,0,0,
79,11-26-2025,0,0,0,0,0,0,0,0,0,0,0,0,0,0,0,
79,11-27-2025,3.62,3,0,0,0,0,0,0,0,0,0,0,0,0,0,
79,11-28-2025,32.62,3,0,0,0,0,0,0,0,0,0,0,0,0,0,
79,12-01-2025,59.1,3,0,0,0,0,0,0,0,0,0,0,0,1,perithecia,
79,12-02-2025,59.1,3,0,0,0,0,0,0,0,0,0,0,0,1,perithecia,
79,12-03-2025,59.1,3,0,0,0,0,0,0,0,0,0,0,0,1,perithecia,
79,12-04-2025,59.1,3,0,0,0,0,0,0,0,0,0,0,0,1,perithecia,
79,12-05-2025,59.1,3,0,0,0,0,0,0,0,0,0,0,0,1,perithecia,
79,12-08-2025,59.1,3,0,0,0,0,0,0,0,0,0,0,0,1,perithecia,
79,12-09-2025,59.1,3,0,0,0,0,0,0,0,0,0,0,0,1,perithecia,
79,12-10-2025,59.1,3,0,0,0,0,0,0,0,0,0,0,0,1,perithecia,
80,11-26-2025,0,0,0,0,0,0,0,0,0,0,0,0,0,0,0,
80,11-27-2025,3.33,3,0,0,0,0,0,0,0,0,0,0,0,0,0,
80,11-28-2025,42.48,3,0,0,0,0,0,0,0,0,0,0,0,0,0,
80,12-01-2025,59.57,3,0,0,0,0,0,0,0,0,0,0,0,1,perithecia,
80,12-02-2025,59.57,3,0,0,0,0,0,0,0,0,0,0,0,1,perithecia,
80,12-03-2025,59.57,3,0,0,0,0,0,0,0,0,0,0,0,1,perithecia,
80,12-04-2025,59.57,3,0,0,0,0,0,0,0,0,0,0,0,1,perithecia,
80,12-05-2025,59.57,3,0,0,0,0,0,0,0,0,0,0,0,1,perithecia,
80,12-08-2025,59.57,3,0,0,0,0,0,0,0,0,0,0,0,1,perithecia,
80,12-09-2025,59.57,3,0,0,0,0,0,0,0,0,0,0,0,1,perithecia,
80,12-10-2025,59.57,3,0,0,0,0,0,0,0,0,0,0,0,1,perithecia,
81,11-26-2025,0,0,0,0,0,0,0,0,0,0,0,0,0,0,0,
81,11-27-2025,3.46,3,0,0,0,0,0,0,0,0,0,0,0,0,0,
81,11-28-2025,36.47,3,0,0,0,0,0,0,0,0,0,0,0,0,0,
81,12-01-2025,59.56,3,0,0,0,0,0,0,0,0,0,0,0,1,perithecia,
81,12-02-2025,59.56,3,0,0,0,0,0,0,0,0,0,0,0,1,perithecia,
81,12-03-2025,59.56,3,0,0,0,0,0,0,0,0,0,0,0,1,perithecia,
81,12-04-2025,59.56,3,0,0,0,0,0,0,0,0,0,0,0,1,perithecia,
81,12-05-2025,59.56,3,0,0,0,0,0,0,0,0,0,0,0,1,perithecia,
81,12-08-2025,59.56,3,0,0,0,0,0,0,0,0,0,0,0,1,perithecia,
81,12-09-2025,59.56,3,0,0,0,0,0,0,0,0,0,0,0,1,perithecia,
81,12-10-2025,59.56,3,0,0,0,0,0,0,0,0,0,0,0,1,perithecia,
82,11-26-2025,0,0,0,0,0,0,0,0,0,0,0,0,0,0,0,
82,11-27-2025,0.68,3,0,0,0,0,0,0,0,0,0,0,0,0,0,
82,11-28-2025,2.08,5,0,0,0,0,0,0,0,0,0,0,0,0,0,
82,12-01-2025,29.21,4,mycelium grey conidia,1.35,0,0,0,0,0,0,0,0,1,0,0,
82,12-02-2025,40.84,4,mycelium grey conidia,1.96,0,0,0,0,0,0,0,0,1,0,0,
82,12-03-2025,51.12,4,mycelium grey conidia,2.57,0,0,0,0,0,0,0,0,1,1,conidia,
82,12-04-2025,51.58,3,mycelium grey conidia,2.3,0,0,0,0,0,0,0,0,1,1,conidia,
82,12-05-2025,48.73,2,mycelium grey conidia,2.36,0,0,0,0,0,0,0,0,1,1,conidia,
82,12-08-2025,49.22,2,mycelium grey conidia,2,0,0,0,0,0,0,0,0,1,1,conidia,
82,12-09-2025,49.22,2,mycelium grey conidia,2.29,0,0,0,0,0,0,0,0,1,1,conidia,
82,12-10-2025,49.22,2,mycelium grey conidia,2.29,0,0,0,0,0,0,0,0,1,1,conidia,
83,11-26-2025,0,0,0,0,0,0,0,0,0,0,0,0,0,0,0,
83,11-27-2025,0.89,3,0,0,0,0,0,0,0,0,0,0,0,0,0,
83,11-28-2025,2.11,5,0,0,0,0,0,0,0,0,0,0,0,0,0,
83,12-01-2025,35.91,4,0,0,0,0,0,0,0,0,0,0,0,0,0,
83,12-02-2025,53.98,4,0,0,0,0,0,0,0,0,0,0,0,0,0,
83,12-03-2025,56.77,4,0,0,0,0,0,0,0,0,0,0,0,0,0,
83,12-04-2025,55.35,3,0,0,0,0,0,0,0,0,0,0,0,0,0,
83,12-05-2025,55.35,3,0,0,0,0,0,0,0,0,0,0,0,0,0,
83,12-08-2025,55.35,3,0,0,0,0,0,0,0,0,0,0,0,0,0,
83,12-09-2025,55.35,3,0,0,0,0,0,0,0,0,0,0,0,0,0,
83,12-10-2025,55.35,2,0,0,0,0,0,0,0,0,0,0,0,0,0,
84,11-26-2025,0,0,0,0,0,0,0,0,0,0,0,0,0,0,0,
84,11-27-2025,0.76,3,0,0,0,0,0,0,0,0,0,0,0,0,0,
84,11-28-2025,2.12,5,0,0,0,0,0,0,0,0,0,0,0,0,0,
84,12-01-2025,32.29,5,0,0,0,0,0,0,0,0,0,0,0,0,0,
84,12-02-2025,45.72,4,0,0,0,0,0,0,0,0,0,0,0,0,0,
84,12-03-2025,54.01,4,0,0,0,0,0,0,0,0,0,0,0,0,0,
84,12-04-2025,53.13,3,0,0,0,0,0,0,0,0,0,0,0,0,0,
84,12-05-2025,52.57,3,0,0,0,0,0,0,0,0,0,0,0,0,0,
84,12-08-2025,52.32,3,0,0,0,0,0,0,0,0,0,0,0,0,0,
84,12-09-2025,51.53,2,0,0,0,0,0,0,0,0,0,0,0,0,0,
84,12-10-2025,50.33,2,0,0,0,0,0,0,0,0,0,0,0,0,0,
91,12-02-2025,0,0,0,0,0,0,0,0,0,0,0,0,0,0,0,
91,12-03-2025,0,0,0,0,0,0,0,0,0,0,0,0,0,0,0,
91,12-04-2025,0,0,0,0,0,0,0,0,0,0,0,0,0,0,0,
91,12-05-2025,0,0,0,0,0,0,0,0,0,0,0,0,0,0,0,
91,12-08-2025,0,0,mycelium olive green conidida,5.23,white medium dense,3.256,white blue gray conidida,0.47,white mycelium,1,0,0,4,0,0,
91,12-09-2025,0,0,mycelium olive green conidida,9.24,white medium dense,4.901,white blue gray conidida,1.33,white mycelium,2,Dark yellow conidia,0,5,0,0,
91,12-10-2025,0,0,mycelium olive green conidida,19.93,white medium dense,7.474,white blue gray conidida,4,white mycelium,6,Dark yellow conidia,4,5,0,0,
91,12-11-2025,0,0,mycelium olive green conidida,20.04,white medium dense,8.372,white blue gray conidida,6,white mycelium,6,Dark yellow conidia,4,5,0,0,
91,12-16-2025,0,0,mycelium olive green conidida,26.48,white medium dense,8.168,white blue gray conidida,7,white mycelium,6,Dark yellow conidia,26,5,0,0,
92,12-02-2025,0,0,0,0,0,0,0,0,0,0,0,0,0,0,0,
92,12-03-2025,0,0,0,0,0,0,0,0,0,0,0,0,0,0,0,
92,12-04-2025,0,0,0,0,0,0,0,0,0,0,0,0,0,0,0,
92,12-05-2025,0,0,White mycelium black spores (likely Mucor),0.9,0,0,0,0,0,0,0,0,0,0,0,
92,12-08-2025,0,0,White mycelium black spores (likely Mucor),18.72,Dark yellow conidia,1.523,white blue gray conidida,0,white mycelium bright grey spores,6,0,0,4,0,0,
92,12-09-2025,0,0,White mycelium black spores (likely Mucor),23.78,Dark yellow conidia,1.916,white blue gray conidida,1,white mycelium bright grey spores,8,0,0,4,0,0,
92,12-10-2025,0,0,White mycelium black spores (likely Mucor),26.72,Dark yellow conidia,2.651,white blue gray conidida,2,white mycelium bright grey spores,7,0,0,4,0,0,
92,12-11-2025,0,0,White mycelium black spores (likely Mucor),34.81,Dark yellow conidia,4.193,white blue gray conidida,4,white mycelium bright grey spores,8,0,0,4,0,0,
92,12-16-2025,0,0,White mycelium black spores (likely Mucor),36.25,Dark yellow conidia,14.671,white blue gray conidida,5,white mycelium bright grey spores,10,0,0,4,0,0,
93,12-02-2025,0,0,0,0,0,0,0,0,0,0,0,0,0,0,0,
93,12-03-2025,0,0,0,0,0,0,0,0,0,0,0,0,0,0,0,
93,12-04-2025,0,0,0,0,0,0,0,0,0,0,0,0,0,0,0,
93,12-05-2025,0,0,0,0,0,0,0,0,0,0,0,0,0,0,0,
93,12-08-2025,0,0,white loose mycelium,4.77,white dense mycelium ,1.884,0,0,0,0,0,0,2,0,0,
93,12-09-2025,0,0,white loose mycelium,7.62,white dense mycelium ,3.893,olive gray conidida,0,0,0,0,0,3,0,0,
93,12-10-2025,0,0,white loose mycelium,11.01,white dense mycelium ,7.972,olive gray conidida,2,0,0,0,0,3,0,0,
93,12-11-2025,0,0,white loose mycelium,13.76,white dense mycelium ,11.755,olive gray conidida,2,0,0,0,0,3,0,0,
93,12-16-2025,0,0,white loose mycelium,18.73,white dense mycelium ,25.49,olive gray conidida,4,0,0,0,0,3,0,0,
94,12-02-2025,0,0,0,0,0,0,0,0,0,0,0,0,0,0,0,
94,12-03-2025,0.86,5,0,0,0,0,0,0,0,0,0,0,0,0,0,
94,12-04-2025,1.79,5,0,0,0,0,0,0,0,0,0,0,0,0,0,
94,12-05-2025,2.12,5,0,0,0,0,0,0,0,0,0,0,0,0,0,
94,12-08-2025,8.39,5,loose white mycelium,10.99,white dense mycelium ,4.845,white blue gray conidida,2,0,0,0,0,3,0,0,
94,12-09-2025,11.01,4,loose white mycelium,13.98,white dense mycelium ,8.256,white blue gray conidida,2,0,0,0,0,3,0,0,
94,12-10-2025,21.76,3,loose white mycelium,11.64,white dense mycelium,12.562,white blue gray conidida,9,0,0,0,0,3,0,0,
94,12-11-2025,30.48,3,loose white mycelium,5.98,white dense mycelium,14.795,white blue gray conidida,3,0,0,0,0,3,0,0,
94,12-16-2025,59.53,3,0,0,0,0,0,0,0,0,0,0,0,0,0,
95,12-02-2025,0,0,0,0,0,0,0,0,0,0,0,0,0,0,0,
95,12-03-2025,0.85,5,0,0,0,0,0,0,0,0,0,0,0,0,0,
95,12-04-2025,2.1,5,0,0,0,0,0,0,0,0,0,0,0,0,0,
95,12-05-2025,2.65,5,0,0,0,0,0,0,0,0,0,0,0,0,0,
95,12-08-2025,18.06,3,loose white mycelium,11.68,white dense mycelium ,4.785,white blue gray conidida,0,0,0,0,0,3,0,0,
95,12-09-2025,29.56,3,loose white mycelium,10.21,white dense mycelium ,4.395,white blue gray conidida,2,Dark yellow conidia,3,0,0,4,0,0,
95,12-10-2025,47.71,3,loose white mycelium,0.7,white dense mycelium,4.959,white blue gray conidida,2,Dark yellow conidia,4,0,0,4,0,0,
95,12-11-2025,55.38,3,0,0,white dense mycelium,2.831,white blue gray conidida,1,Dark yellow conidia,4,0,0,3,0,0,
95,12-16-2025,59.74,3,0,0,0,0,0,0,Dark yellow conidia,1,0,0,0,0,0,
96,12-02-2025,0,0,0,0,0,0,0,0,0,0,0,0,0,0,0,
96,12-03-2025,0.84,5,0,0,0,0,0,0,0,0,0,0,0,0,0,
96,12-04-2025,1.95,5,0,0,0,0,0,0,0,0,0,0,0,0,0,
96,12-05-2025,2.41,5,0,0,0,0,0,0,0,0,0,0,0,0,0,
96,12-08-2025,7.43,5,loose white mycelium,19.99,white blue gray conidida,1.088,0,0,0,0,0,0,2,0,0,
96,12-09-2025,10.91,5,loose white mycelium,25.74,white blue gray conidida,1.806,0,0,0,0,0,0,2,0,0,
96,12-10-2025,20.66,4,loose white mycelium,25.79,white blue gray conidida,2.311,0,0,0,0,0,0,2,0,0,
96,12-11-2025,34.04,3,loose white mycelium,21.35,white blue gray conidida,2.832,0,0,0,0,0,0,2,0,0,
96,12-16-2025,60.15,3,0,0,0,0,0,0,0,0,0,0,0,0,0,
97,12-02-2025,0,0,0,0,0,0,0,0,0,0,0,0,0,0,0,
97,12-03-2025,0,0,0,0,0,0,0,0,0,0,0,0,0,0,0,
97,12-04-2025,1.27,5,0,0,0,0,0,0,0,0,0,0,0,0,0,
97,12-05-2025,1.54,5,loose white mycelium,0.47,0,0,0,0,0,0,0,0,0,0,0,
97,12-08-2025,7.09,4,loose white mycelium,28.41,medium dense white mycelium,6,0,0,0,0,0,0,2,0,0,
97,12-09-2025,22.36,3,loose white mycelium,24.43,medium dense white mycelium,14.226,white blue gray conidida,0,0,0,0,0,3,0,0,
97,12-10-2025,23.17,3,loose white mycelium,22.69,medium dense white mycelium,14.14,white blue gray conidida,1,0,0,0,0,3,0,0,
97,12-11-2025,32.86,3,loose white mycelium,8.38,medium dense white mycelium,13.747,white blue gray conidida,1,0,0,0,0,3,0,0,
97,12-16-2025,60.6,3,0,0,0,0,0,0,0,0,0,0,0,0,0,
98,12-02-2025,0,0,0,0,0,0,0,0,0,0,0,0,0,0,0,
98,12-03-2025,0,0,0,0,0,0,0,0,0,0,0,0,0,0,0,
98,12-04-2025,1.11,5,0,0,0,0,0,0,0,0,0,0,0,0,0,
98,12-05-2025,1.65,5,white blue gray conidida,0.37,0,0,0,0,0,0,0,0,1,0,0,
98,12-08-2025,5.1,5,white blue gray conidida,8.76,mucor black dots,0.48,olive grey conidia,0,white mycelium,2,0,0,4,0,0,
98,12-09-2025,6.621,5,white blue gray conidida,12.82,mucor black dots,0.963,olive grey conidia,1,white mycelium,2,0,0,4,0,0,
98,12-10-2025,8.976,5,white blue gray conidida,17.193,mucor black dots,3.969,olive grey conidia,1.493,white mycelium,2.577,0,0,4,0,0,
98,12-11-2025,10.55,5,white blue gray conidida,22.94,mucor black dots,5.35,olive grey conidia,3,white mycelium,2,0,0,4,0,0,
98,12-16-2025,14.94,4,white blue gray conidida,36.53,mucor black dots,7,olive grey conidia,3,white mycelium,2,0,0,4,0,0,
99,12-02-2025,0,0,0,0,0,0,0,0,0,0,0,0,0,0,0,
99,12-03-2025,0,0,0,0,0,0,0,0,0,0,0,0,0,0,0,
99,12-04-2025,1.52,5,0,0,0,0,0,0,0,0,0,0,0,0,0,
99,12-05-2025,2.14,5,Mucor loose mycelium,1.26,0,0,0,0,0,0,0,0,1,0,0,
99,12-08-2025,19.39,3,Mucor loose mycelium,15.38,yellow conidia,4.111,olive grey conidia,1,0,0,0,0,3,0,0,
99,12-09-2025,42.78,3,Mucor loose mycelium,1.93,yellow conidia,6.992,olive grey conidia,2,0,0,0,0,3,0,0,
99,12-10-2025,44.49,3,Mucor loose mycelium,1.67,yellow conidia,7.331,olive grey conidia,2,0,0,0,0,3,0,0,
99,12-11-2025,50.08,4,0,0,yellow conidia,7.69,olive grey conidia,2,0,0,0,0,2,0,0,
99,12-16-2025,54.97,4,0,0,yellow conidia,5.688,0,0,0,0,0,0,1,0,0,
100,12-02-2025,0,0,0,0,0,0,0,0,0,0,0,0,0,0,0,
100,12-03-2025,0,0,0,0,0,0,0,0,0,0,0,0,0,0,0,
100,12-04-2025,1.57,5,0,0,0,0,0,0,0,0,0,0,0,0,0,
100,12-05-2025,2.87,5,0,0,0,0,0,0,0,0,0,0,0,0,0,
100,12-08-2025,11.94,5,light brown conidida,4.51,mycelium white ,1.337,0,0,0,0,0,0,2,0,0,
100,12-09-2025,15.505,5,light brown conidida,7.286,mycelium white ,1.128,0,0,0,0,0,0,2,0,0,
100,12-10-2025,20.82,5,light brown conidida,10.51,mycelium white ,3.354,0,0,0,0,0,0,2,0,0,
100,12-11-2025,26.31,4,light brown conidida,12.15,mycelium white ,2.418,0,0,0,0,0,0,2,0,0,
100,12-16-2025,46.58,4,light brown conidida,11.65,mycelium white ,1.251,0,0,0,0,0,0,2,0,0,
101,12-02-2025,0,0,0,0,0,0,0,0,0,0,0,0,0,0,0,
101,12-03-2025,0,0,0,0,0,0,0,0,0,0,0,0,0,0,0,
101,12-04-2025,0,0,0,0,0,0,0,0,0,0,0,0,0,0,0,
101,12-05-2025,0,0,0,0,0,0,0,0,0,0,0,0,0,0,0,
101,12-08-2025,0,0,white blue gray conidida,0.63,white mycelium straight hyphae,5.841,fluffy white mycelium,4,0,0,0,0,3,0,0,
101,12-09-2025,0,0,white blue gray conidida,1.82,white mycelium straight hyphae,12.367,fluffy white mycelium,7,0,0,0,0,3,0,0,
101,12-10-2025,0,0,white blue gray conidida,3.92,white mycelium straight hyphae,23.236,fluffy white mycelium,12,0,0,0,0,3,0,0,
101,12-11-2025,0,0,white blue gray conidida,4.16,white mycelium straight hyphae,30.48,fluffy white mycelium,14,0,0,0,0,3,0,0,
101,12-16-2025,0,0,white blue gray conidida,8.29,white mycelium straight hyphae,26.994,fluffy white mycelium,24,0,0,0,0,3,0,0,
102,12-02-2025,0,0,0,0,0,0,0,0,0,0,0,0,0,0,0,
102,12-03-2025,0,0,0,0,0,0,0,0,0,0,0,0,0,0,0,
102,12-04-2025,1.46,5,0,0,0,0,0,0,0,0,0,0,0,0,0,
102,12-05-2025,2.69,5,0,0,0,0,0,0,0,0,0,0,0,0,0,
102,12-08-2025,11.73,5,loose mucor like,3.49,grey conidia,0.332,white mycelium,3,white mycelium yellow conidia,0,0,0,3,0,0,
102,12-09-2025,14.68,5,loose mucor like,4.48,grey conidia,0.428,white mycelium,4,white mycelium yellow conidia,0,0,0,4,0,0,
102,12-10-2025,19.09,5,loose mucor like,12.21,grey conidia,0.59,white mycelium,4,white mycelium yellow conidia,1,mycelium dense straight,0,5,0,0,
102,12-11-2025,21.82,5,loose mucor like,14.36,grey conidia,0.731,white mycelium,4,white mycelium yellow conidia,4,mycelium dense straight,2,5,0,0,
102,12-16-2025,33.94,4,loose mucor like,16.69,grey conidia,0.813,white mycelium,3,white mycelium yellow conidia,6,mycelium dense straight,7,5,0,0,
103,12-02-2025,0,0,0,0,0,0,0,0,0,0,0,0,0,0,0,
103,12-03-2025,2.32,3,0,0,0,0,0,0,0,0,0,0,0,0,0,
103,12-04-2025,34.48,3,0,0,0,0,0,0,0,0,0,0,0,0,0,
103,12-05-2025,59.67,3,0,0,0,0,0,0,0,0,0,0,0,0,0,
103,12-08-2025,59.67,3,0,0,0,0,0,0,0,0,0,0,0,1,perithecia,
103,12-09-2025,59.67,3,0,0,0,0,0,0,0,0,0,0,0,1,perithecia,
103,12-10-2025,59.67,3,0,0,0,0,0,0,0,0,0,0,0,1,perithecia,
103,12-11-2025,59.67,3,0,0,0,0,0,0,0,0,0,0,0,1,perithecia,
103,12-16-2025,59.67,3,0,0,0,0,0,0,0,0,0,0,0,1,perithecia,
104,12-02-2025,0,0,0,0,0,0,0,0,0,0,0,0,0,0,0,
104,12-03-2025,4.39,3,0,0,0,0,0,0,0,0,0,0,0,0,0,
104,12-04-2025,39.88,3,0,0,0,0,0,0,0,0,0,0,0,0,0,
104,12-05-2025,60.15,3,0,0,0,0,0,0,0,0,0,0,0,1,perithecia,
104,12-08-2025,60.15,3,0,0,0,0,0,0,0,0,0,0,0,1,perithecia,
104,12-09-2025,60.15,3,0,0,0,0,0,0,0,0,0,0,0,1,perithecia,
104,12-10-2025,60.15,3,0,0,0,0,0,0,0,0,0,0,0,1,perithecia,
104,12-11-2025,60.15,3,0,0,0,0,0,0,0,0,0,0,0,1,perithecia,
104,12-16-2025,60.15,3,0,0,0,0,0,0,0,0,0,0,0,1,perithecia,
105,12-02-2025,0,0,0,0,0,0,0,0,0,0,0,0,0,0,0,
105,12-03-2025,3.91,3,0,0,0,0,0,0,0,0,0,0,0,0,0,
105,12-04-2025,40.42,3,0,0,0,0,0,0,0,0,0,0,0,0,0,
105,12-05-2025,59.06,3,0,0,0,0,0,0,0,0,0,0,0,1,perithecia,
105,12-08-2025,59.06,3,0,0,0,0,0,0,0,0,0,0,0,1,perithecia,
105,12-09-2025,59.06,3,0,0,0,0,0,0,0,0,0,0,0,1,perithecia,
105,12-10-2025,59.06,3,0,0,0,0,0,0,0,0,0,0,0,1,perithecia,
105,12-11-2025,59.06,3,0,0,0,0,0,0,0,0,0,0,0,1,perithecia,
105,12-16-2025,59.06,3,0,0,0,0,0,0,0,0,0,0,0,1,perithecia,
106,12-02-2025,0,0,0,0,0,0,0,0,0,0,0,0,0,0,0,
106,12-03-2025,1.45,5,0,0,0,0,0,0,0,0,0,0,0,0,0,
106,12-04-2025,4.5,5,0,0,0,0,0,0,0,0,0,0,0,0,0,
106,12-05-2025,12.05,5,0,0,0,0,0,0,0,0,0,0,0,0,,
106,12-08-2025,52.31,4,yellow conidia,2.09,0,0,0,0,0,0,0,0,0,1,conidia,
106,12-09-2025,54.64,4,yellow conidia,2.13,0,0,0,0,0,0,0,0,0,1,conidia,
106,12-10-2025,53.57,3,yellow conidia,3.09,0,0,0,0,0,0,0,0,0,1,conidia,
106,12-11-2025,52.76,3,yellow conidia,3.37,0,0,0,0,0,0,0,0,0,1,conidia,
106,12-16-2025,46.56,2,yellow conidia,3.26,0,0,0,0,0,0,0,0,0,1,conidia,
107,12-02-2025,0,0,0,0,0,0,0,0,0,0,0,0,0,0,0,
107,12-03-2025,1.08,3,0,0,0,0,0,0,0,0,0,0,0,0,0,
107,12-04-2025,3.53,5,0,0,0,0,0,0,0,0,0,0,0,0,0,
107,12-05-2025,9.86,5,0,0,0,0,0,0,0,0,0,0,0,0,0,
107,12-08-2025,49.32,4,brown-olive conidia,6.17,0,0,0,0,0,0,0,0,0,1,conidia,
107,12-09-2025,48.99,4,brown-olive conidia,6.19,0,0,0,0,0,0,0,0,0,1,conidia,
107,12-10-2025,47.89,4,brown-olive conidia,8.79,0,0,0,0,0,0,0,0,0,1,conidia,
107,12-11-2025,45.6,3,brown-olive conidia,9.96,0,0,0,0,0,0,0,0,0,1,conidia,
107,12-16-2025,40.65,2,brown-olive conidia,12.52,0,0,0,0,0,0,0,0,0,1,conidia,
108,12-02-2025,0,0,0,0,0,0,0,0,0,0,0,0,0,0,0,
108,12-03-2025,1.34,3,0,0,0,0,0,0,0,0,0,0,0,0,0,
108,12-04-2025,5.07,5,0,0,0,0,0,0,0,0,0,0,0,0,0,
108,12-05-2025,12.87,5,brown-olive conidia,0.56,0,0,0,0,0,0,0,0,1,0,0,
108,12-08-2025,49.09,4,brown-olive conidia,10.33,blue grey conidia,0.158,0,0,0,0,0,0,2,1,conidia,
108,12-09-2025,46.83,4,brown-olive conidia,11.71,blue grey conidia,0.191,0,0,0,0,0,0,2,1,conidia,
108,12-10-2025,47.13,4,brown-olive conidia,12.27,blue grey conidia,0.269,0,0,0,0,0,0,2,1,conidia,
108,12-11-2025,46.25,3,brown-olive conidia,13.3,blue grey conidia,0.278,0,0,0,0,0,0,2,1,conidia,
108,12-16-2025,43.39,2,brown-olive conidia,14.17,blue grey conidia,0.199,0,0,0,0,0,0,2,1,conidia,
112,12-03-2025,0,0,0,0,0,0,0,0,0,0,0,0,0,0,0,
112,12-04-2025,0,0,0,0,0,0,0,0,0,0,0,0,0,0,0,
112,12-05-2025,0,0,0,0,0,0,0,0,0,0,0,0,0,0,0,
112,12-08-2025,0,0,0,0,0,0,0,0,0,0,0,0,0,0,0,
112,12-09-2025,0,0,green-blue-grey brown,29.15,0,0,0,0,0,0,0,0,0,0,0,
112,12-10-2025,0,0,green-blue-grey brown,52.87,0,0,0,0,0,0,0,0,0,0,0,
112,12-11-2025,0,0,green-blue-grey brown,56.03,0,0,0,0,0,0,0,0,0,0,0,
112,12-16-2025,0,0,green-blue-grey brown,59.34,0,0,0,0,0,0,0,0,0,0,0,
112,12-17-2025,0,0,green-blue-grey brown,60.26,0,0,0,0,0,0,0,0,0,0,0,
113,12-03-2025,0,0,0,0,0,0,0,0,0,0,0,0,0,0,0,
113,12-04-2025,0,0,0,0,0,0,0,0,0,0,0,0,0,0,0,
113,12-05-2025,0,0,0,0,0,0,0,0,0,0,0,0,0,0,0,
113,12-08-2025,0,0,green-blue-grey brown,6.42,0,0,0,0,0,0,0,0,1,0,0,
113,12-09-2025,0,0,green-blue-grey brown,12.51,0,0,0,0,0,0,0,0,1,0,0,
113,12-10-2025,0,0,green-blue-grey brown,23.68,0,0,0,0,0,0,0,0,1,0,0,
113,12-11-2025,0,0,green-blue-grey brown,34.67,0,0,0,0,0,0,0,0,1,0,0,
113,12-16-2025,0,0,green-blue-grey brown,56.87,0,0,0,0,0,0,0,0,1,0,0,
113,12-17-2025,0,0,green-blue-grey brown,57.47,0,0,0,0,0,0,0,0,1,0,0,
114,12-03-2025,0,0,0,0,0,0,0,0,0,0,0,0,0,0,0,
114,12-04-2025,0,0,0,0,0,0,0,0,0,0,0,0,0,0,0,
114,12-05-2025,0,0,0,0,0,0,0,0,0,0,0,0,0,0,0,
114,12-08-2025,0,0,green-blue-grey brown,14.16,mycelium,3.46,0,0,0,0,0,0,1,0,0,
114,12-09-2025,0,0,green-blue-grey brown,22.53,mycelium,9.633,0,0,0,0,0,0,1,0,0,
114,12-10-2025,0,0,green-blue-grey brown,34.47,mycelium,16.944,0,0,0,0,0,0,1,0,0,
114,12-11-2025,0,0,green-blue-grey brown,41.29,mycelium,17.024,0,0,0,0,0,0,1,0,0,
114,12-16-2025,0,0,green-blue-grey brown,42.3,mycelium,16.952,0,0,0,0,0,0,1,0,0,
114,12-17-2025,0,0,green-blue-grey brown,42.87,mycelium,16.925,0,0,0,0,0,0,1,0,0,
115,12-03-2025,0,0,0,0,0,0,0,0,0,0,0,0,0,0,0,
115,12-04-2025,0,0,0,0,0,0,0,0,0,0,0,0,0,0,0,
115,12-05-2025,0.93,5,0,0,0,0,0,0,0,0,0,0,0,0,0,
115,12-08-2025,1.98,5,green-blue-grey brown,49.82,0,0,0,0,0,0,0,0,1,0,0,
115,12-09-2025,1.94,5,green-blue-grey brown,52.47,0,0,0,0,0,0,0,0,1,0,0,
115,12-10-2025,1.74,4,green-blue-grey brown,54.88,0,0,0,0,0,0,0,0,1,0,0,
115,12-11-2025,1.75,4,green-blue-grey brown,55.68,0,0,0,0,0,0,0,0,1,0,0,
115,12-16-2025,1.72,4,green-blue-grey brown,57.79,0,0,0,0,0,0,0,0,1,0,0,
115,12-17-2025,1.73,4,green-blue-grey brown,57.23,0,0,0,0,0,0,0,0,1,0,0,
116,12-03-2025,0,0,0,0,0,0,0,0,0,0,0,0,0,0,0,
116,12-04-2025,0.94,5,green-blue-grey brown,0,0,0,0,0,0,0,0,0,0,0,0,
116,12-05-2025,1.36,5,green-blue-grey brown,0,0,0,0,0,0,0,0,0,0,0,0,
116,12-08-2025,3.94,5,green-blue-grey brown,46.69,0,0,0,0,0,0,0,0,1,0,0,
116,12-09-2025,3.63,5,green-blue-grey brown,49.87,0,0,0,0,0,0,0,0,1,0,0,
116,12-10-2025,3.64,5,green-blue-grey brown,52.93,0,0,0,0,0,0,0,0,1,0,0,
116,12-11-2025,3.21,4,green-blue-grey brown,55.3,0,0,0,0,0,0,0,0,1,0,0,
116,12-16-2025,3.05,4,green-blue-grey brown,56.65,0,0,0,0,0,0,0,0,1,0,0,
116,12-17-2025,2.86,4,green-blue-grey brown,57.11,0,0,0,0,0,0,0,0,1,0,0,
117,12-03-2025,0,0,0,0,0,0,0,0,0,0,0,0,0,0,0,
117,12-04-2025,0.88,5,0,0,0,0,0,0,0,0,0,0,0,0,0,
117,12-05-2025,1.392,5,0,0,0,0,0,0,0,0,0,0,0,0,0,
117,12-08-2025,3.6,4,green-blue-grey brown,51.49,0,0,0,0,0,0,0,0,1,0,0,
117,12-09-2025,3.16,4,green-blue-grey brown,54.38,0,0,0,0,0,0,0,0,1,0,0,
117,12-10-2025,2.71,4,green-blue-grey brown,55.94,0,0,0,0,0,0,0,0,1,0,0,
117,12-11-2025,2.59,4,green-blue-grey brown,56.68,0,0,0,0,0,0,0,0,1,0,0,
117,12-16-2025,2.28,4,green-blue-grey brown,57.1,0,0,0,0,0,0,0,0,1,0,0,
117,12-17-2025,2.44,4,green-blue-grey brown,57.16,0,0,0,0,0,0,0,0,1,0,0,
118,12-03-2025,0,0,0,0,0,0,0,0,0,0,0,0,0,0,0,
118,12-04-2025,0.86,5,0,0,0,0,0,0,0,0,0,0,0,0,0,
118,12-05-2025,1.07,5,0,0,0,0,0,0,0,0,0,0,0,0,0,
118,12-08-2025,2.87,4,green-blue-grey brown,52.06,0,0,0,0,0,0,0,0,1,0,0,
118,12-09-2025,2.58,4,green-blue-grey brown,54.34,0,0,0,0,0,0,0,0,1,0,0,
118,12-10-2025,2.16,4,green-blue-grey brown,56.77,0,0,0,0,0,0,0,0,1,0,0,
118,12-11-2025,1.96,4,green-blue-grey brown,57.27,0,0,0,0,0,0,0,0,1,0,0,
118,12-16-2025,1.93,4,green-blue-grey brown,57.68,0,0,0,0,0,0,0,0,1,0,0,
118,12-17-2025,1.93,4,green-blue-grey brown,57.83,0,0,0,0,0,0,0,0,1,0,0,
119,12-03-2025,0,0,0,0,0,0,0,0,0,0,0,0,0,0,0,
119,12-04-2025,0.86,5,0,0,0,0,0,0,0,0,0,0,0,0,0,
119,12-05-2025,1.01,5,0,0,0,0,0,0,0,0,0,0,0,0,0,
119,12-08-2025,2.66,5,green-blue-grey brown,50.3,0,0,0,0,0,0,0,0,0,0,0,
119,12-09-2025,2.46,5,green-blue-grey brown,55.67,0,0,0,0,0,0,0,0,1,0,0,
119,12-10-2025,1.77,5,green-blue-grey brown,57.09,0,0,0,0,0,0,0,0,1,0,0,
119,12-11-2025,1.81,5,green-blue-grey brown,58.13,0,0,0,0,0,0,0,0,1,0,0,
119,12-16-2025,1.58,5,green-blue-grey brown,57.89,0,0,0,0,0,0,0,0,1,0,0,
119,12-17-2025,1.67,5,green-blue-grey brown,57.91,0,0,0,0,0,0,0,0,1,0,0,
120,12-03-2025,0,0,0,0,0,0,0,0,0,0,0,0,0,0,0,
120,12-04-2025,0.93,5,0,0,0,0,0,0,0,0,0,0,0,0,0,
120,12-05-2025,1.17,5,0,0,0,0,0,0,0,0,0,0,0,0,0,
120,12-08-2025,2.57,5,green-blue-grey brown,53.05,0,0,0,0,0,0,0,0,1,0,0,
120,12-09-2025,2.57,4,green-blue-grey brown,55.73,0,0,0,0,0,0,0,0,1,0,0,
120,12-10-2025,2.27,4,green-blue-grey brown,56.65,0,0,0,0,0,0,0,0,1,0,0,
120,12-11-2025,2.07,4,green-blue-grey brown,57.71,0,0,0,0,0,0,0,0,1,0,0,
120,12-16-2025,2.03,4,green-blue-grey brown,57.85,0,0,0,0,0,0,0,0,1,0,0,
120,12-17-2025,1.94,4,green-blue-grey brown,57.89,0,0,0,0,0,0,0,0,1,0,0,
121,12-03-2025,0,0,0,0,0,0,0,0,0,0,0,0,0,0,0,
121,12-04-2025,0.94,4,0,0,0,0,0,0,0,0,0,0,0,0,0,
121,12-05-2025,1.17,5,0,0,0,0,0,0,0,0,0,0,0,0,0,
121,12-08-2025,3.3,4,green-blue-grey brown,54.86,0,0,0,0,0,0,0,0,1,0,0,
121,12-09-2025,2.97,4,green-blue-grey brown,55.99,0,0,0,0,0,0,0,0,1,0,0,
121,12-10-2025,2.86,4,green-blue-grey brown,56.6,0,0,0,0,0,0,0,0,1,0,0,
121,12-11-2025,2.76,4,green-blue-grey brown,56.86,0,0,0,0,0,0,0,0,1,0,0,
121,12-16-2025,2.77,4,green-blue-grey brown,56.7,0,0,0,0,0,0,0,0,1,0,0,
121,12-17-2025,2.73,4,green-blue-grey brown,60.05,0,0,0,0,0,0,0,0,1,0,0,
122,12-03-2025,0,0,0,0,0,0,0,0,0,0,0,0,0,0,0,
122,12-04-2025,0.19,4,0,0,0,0,0,0,0,0,0,0,0,0,0,
122,12-05-2025,0.82,5,0,0,0,0,0,0,0,0,0,0,0,0,0,
122,12-08-2025,3.53,4,green-blue-grey brown,53.71,0,0,0,0,0,0,0,0,1,0,0,
122,12-09-2025,3.01,4,green-blue-grey brown,55.01,0,0,0,0,0,0,0,0,1,0,0,
122,12-10-2025,2.87,4,green-blue-grey brown,56.76,0,0,0,0,0,0,0,0,1,0,0,
122,12-11-2025,2.74,4,green-blue-grey brown,56.96,0,0,0,0,0,0,0,0,1,0,0,
122,12-16-2025,2.68,4,green-blue-grey brown,57.31,0,0,0,0,0,0,0,0,1,0,0,
122,12-17-2025,2.59,4,green-blue-grey brown,57.27,0,0,0,0,0,0,0,0,1,0,0,
123,12-03-2025,0,0,0,0,0,0,0,0,0,0,0,0,0,0,0,
123,12-04-2025,1.09,4,0,0,0,0,0,0,0,0,0,0,0,0,0,
123,12-05-2025,1.38,4,0,0,0,0,0,0,0,0,0,0,0,0,0,
123,12-08-2025,4.94,4,green-blue-grey brown,47.62,0,0,0,0,0,0,0,0,1,0,0,
123,12-09-2025,4.46,4,green-blue-grey brown,53.4,0,0,0,0,0,0,0,0,1,0,0,
123,12-10-2025,4.38,4,green-blue-grey brown,55.05,0,0,0,0,0,0,0,0,1,0,0,
123,12-11-2025,4.1,4,green-blue-grey brown,55.53,0,0,0,0,0,0,0,0,1,0,0,
123,12-16-2025,3.97,4,green-blue-grey brown,55.96,0,0,0,0,0,0,0,0,1,0,0,
123,12-17-2025,3.89,4,green-blue-grey brown,56.11,0,0,0,0,0,0,0,0,1,0,0,
124,12-03-2025,0,0,0,0,0,0,0,0,0,0,0,0,0,0,0,
124,12-04-2025,4.13,3,0,0,0,0,0,0,0,0,0,0,0,0,0,
124,12-05-2025,25.65,3,0,0,0,0,0,0,0,0,0,0,0,0,0,
124,12-08-2025,59.32,3,green-blue-grey brown,0.52,0,0,0,0,0,0,0,0,1,0,0,
124,12-09-2025,59.32,3,green-blue-grey brown,0.84,0,0,0,0,0,0,0,0,1,0,0,
124,12-10-2025,59.31,3,green-blue-grey brown,1.01,0,0,0,0,0,0,0,0,1,0,0,
124,12-11-2025,59.21,3,green-blue-grey brown,1.01,0,0,0,0,0,0,0,0,1,0,0,
124,12-16-2025,59.31,3,green-blue-grey brown,1.13,0,0,0,0,0,0,0,0,1,0,0,
124,12-17-2025,59.31,3,green-blue-grey brown,0.88,0,0,0,0,0,0,0,0,1,0,0,
125,12-03-2025,0,0,0,0,0,0,0,0,0,0,0,0,0,0,0,
125,12-04-2025,3.99,3,0,0,0,0,0,0,0,0,0,0,0,0,0,
125,12-05-2025,26.84,3,0,0,0,0,0,0,0,0,0,0,0,0,0,
125,12-08-2025,59.07,3,green-blue-grey brown,0.5,0,0,0,0,0,0,0,0,1,1,perithecia,
125,12-09-2025,59.08,3,green-blue-grey brown,0.46,0,0,0,0,0,0,0,0,1,1,perithecia,
125,12-10-2025,58.95,3,green-blue-grey brown,0.49,0,0,0,0,0,0,0,0,1,1,perithecia,
125,12-11-2025,59.09,3,green-blue-grey brown,0.49,0,0,0,0,0,0,0,0,1,1,perithecia,
125,12-16-2025,59.13,3,green-blue-grey brown,0.5,0,0,0,0,0,0,0,0,1,1,perithecia,
125,12-17-2025,59.03,3,green-blue-grey brown,0.49,0,0,0,0,0,0,0,0,1,1,perithecia,
126,12-03-2025,0,0,0,0,0,0,0,0,0,0,0,0,0,0,0,
126,12-04-2025,4.59,3,0,0,0,0,0,0,0,0,0,0,0,0,0,
126,12-05-2025,27.47,3,0,0,0,0,0,0,0,0,0,0,0,0,0,
126,12-08-2025,59.36,3,green-blue-grey brown,0.21,0,0,0,0,0,0,0,0,1,1,perithecia,
126,12-09-2025,59.36,3,green-blue-grey brown,0.22,0,0,0,0,0,0,0,0,1,1,perithecia,
126,12-10-2025,59.36,3,green-blue-grey brown,0.23,0,0,0,0,0,0,0,0,1,1,perithecia,
126,12-11-2025,59.36,3,green-blue-grey brown,0.21,0,0,0,0,0,0,0,0,1,1,perithecia,
126,12-16-2025,59.36,3,green-blue-grey brown,0.21,0,0,0,0,0,0,0,0,1,1,perithecia,
126,12-17-2025,59.36,3,green-blue-grey brown,0.22,0,0,0,0,0,0,0,0,1,1,perithecia,
127,12-03-2025,0,0,0,0,0,0,0,0,0,0,0,0,0,0,0,
127,12-04-2025,1.15,5,0,0,0,0,0,0,0,0,0,0,0,0,0,
127,12-05-2025,2.38,5,0,0,0,0,0,0,0,0,0,0,0,0,0,
127,12-08-2025,18.6,4,green-blue-grey brown,37.97,0,0,0,0,0,0,0,0,1,0,0,
127,12-09-2025,17.59,4,green-blue-grey brown,42.92,0,0,0,0,0,0,0,0,1,0,0,
127,12-10-2025,16.16,2,green-blue-grey brown,43.65,0,0,0,0,0,0,0,0,1,0,0,
127,12-11-2025,16.46,2,green-blue-grey brown,43.96,0,0,0,0,0,0,0,0,1,0,0,
127,12-16-2025,16.32,2,green-blue-grey brown,44.87,0,0,0,0,0,0,0,0,1,0,0,
127,12-17-2025,16.41,2,green-blue-grey brown,44.87,0,0,0,0,0,0,0,0,1,0,0,
128,12-03-2025,0,0,0,0,0,0,0,0,0,0,0,0,0,0,0,
128,12-04-2025,1.01,5,0,0,0,0,0,0,0,0,0,0,0,0,0,
128,12-05-2025,2.21,5,0,0,0,0,0,0,0,0,0,0,0,0,0,
128,12-08-2025,17.58,4,green-blue-grey brown,38.85,0,0,0,0,0,0,0,0,1,0,0,
128,12-09-2025,16.69,4,green-blue-grey brown,43.4,0,0,0,0,0,0,0,0,1,0,0,
128,12-10-2025,16.69,3,green-blue-grey brown,44.82,0,0,0,0,0,0,0,0,1,0,0,
128,12-11-2025,16.54,3,green-blue-grey brown,44.95,0,0,0,0,0,0,0,0,1,0,0,
128,12-16-2025,16.32,2,green-blue-grey brown,45.6,0,0,0,0,0,0,0,0,1,0,0,
128,12-17-2025,16.43,2,green-blue-grey brown,45.7,0,0,0,0,0,0,0,0,1,0,0,
129,12-03-2025,0,0,0,0,0,0,0,0,0,0,0,0,0,0,0,
129,12-04-2025,0.97,5,0,0,0,0,0,0,0,0,0,0,0,0,0,
129,12-05-2025,1.95,5,0,0,0,0,0,0,0,0,0,0,0,0,0,
129,12-08-2025,17.1,4,green-blue-grey brown,40.76,0,0,0,0,0,0,0,0,1,0,0,
129,12-09-2025,16.65,3,green-blue-grey brown,42.3,0,0,0,0,0,0,0,0,1,0,0,
129,12-10-2025,16.46,2,green-blue-grey brown,44.96,0,0,0,0,0,0,0,0,1,0,0,
129,12-11-2025,16.23,2,green-blue-grey brown,45.54,0,0,0,0,0,0,0,0,1,0,0,
129,12-16-2025,15.88,2,green-blue-grey brown,46.93,0,0,0,0,0,0,0,0,1,0,0,
129,12-17-2025,14.35,2,green-blue-grey brown,47.96,0,0,0,0,0,0,0,0,1,0,0,
